id,start_channel,bandwidth,x,y,dir
S1,1249,3,63.942679845788376,2.5010755222666936,88.16106736925144
S2,2475,1,13.95379285251439,10.24951761715075,212.57730448165427
S3,1848,2,3.17826794817836,9.369523986159244,181.92790371721048
S4,276,4,2.6535969683863625,19.88376506866485,79.35862393465081
S5,2454,1,58.92656838759087,80.94304566778267,273.1706521667162
S6,1081,3,15.965931637689012,42.26143981535026,55.97261993224136
S7,2482,1,95.72130722067811,33.65945451126267,136.77382822944145
S8,1777,3,35.89793804846284,34.39557224789711,290.5661783787769
S9,152,4,72.9731786693818,53.62280914547007,28.368071308244943
S10,1285,3,29.317828140709288,62.863979949444335,207.84677229243437
S11,1912,2,70.45718362149235,4.5824383655662215,278.3046026839291
S12,2447,1,98.52215206607578,85.53177210151469,136.8454410140998
S13,2202,2,45.34103023684355,83.41104266407503,133.26514816207776
S14,2455,1,20.95070307714877,26.69778220491133,219.28716204011576
S15,1860,2,17.1138648198097,72.91267979503492,166.4136762664017
S16,1828,2,26.9947826784278,92.53911796212178,246.4611303563549
S17,2042,2,84.28519201898096,77.59999115462448,295.848933842451
S18,2376,1,80.50458007712143,40.1164787022329,75.95382369107753
S19,1603,3,94.29097143350543,87.63676264726689,76.54555585949062
S20,204,4,49.92312594922773,88.46831538867025,51.43377255914256
S21,1093,3,13.963031952550631,74.49889820916066,268.9249721948128
S22,1204,3,42.84338272945797,58.35329249456562,78.955473296622
S23,2341,1,99.75376064951102,50.95262936764645,272.0815767121456
S24,2062,2,86.11029096666658,15.284131934826108,285.1485711706671
S25,776,4,42.215996679968406,6.352770615195713,214.5198342100061
S26,2472,1,46.80498877846773,25.14141199818132,244.90202769234665
S27,1477,3,11.455174298368664,88.4788450129109,276.69554375668054
S28,1806,2,34.01754730310452,29.350012864742613,163.34053427851433
S29,1261,3,95.38159275210802,87.58529403781941,349.87971559324114
S30,2481,1,76.19621990520646,50.76816746043252,313.38668514123606
S31,2014,2,29.84447914486329,63.89494948660052,55.02213667786853
S32,2498,1,76.25108000751513,53.937903011962575,215.62005040568243
S33,1255,3,48.860570802894784,11.186772532089506,316.3398760163463
S34,2412,1,83.16655293611794,30.751412540266145,86.71377328100392
S35,596,4,56.735694368891,7.875704829136609,293.76837123123187
S36,2196,2,97.79844936773344,53.27061695295156,46.22092721991461
S37,1702,3,47.52823780987313,54.98035934949439,189.96256347057144
S38,1788,2,60.65939174826289,96.43629060074552,256.66163021488387
S39,1375,3,39.899229999742914,67.16869596382831,157.71603020922146
S40,2152,2,51.75758410355906,12.100419586826572,23.04932267748417
S41,2206,2,2.103426000705888,55.39215224244798,2.588702034633674
S42,2332,1,70.7840946548454,5.88737668763234,325.9512046822061
S43,1938,2,85.96354002537466,7.085734988865344,100.25181502723692
S44,548,4,48.54144991504907,53.923393139475465,87.47900726246083
S45,2279,1,47.29729429445937,40.70599614859366,34.895093122376394
S46,864,4,43.10511824063775,42.35786230199208,310.9812294130572
S47,2394,1,5.417118723217051,65.34554882657916,21.820562667724914
S48,2299,1,72.82135884411827,80.05925108616988,89.51628021130283
S49,296,4,19.02089084408115,44.86135478331319,66.05569288340398
S50,2360,1,46.26280684009674,87.448595407058,159.5270682192445
S51,2465,1,86.13491047618305,55.0325312449848,234.77216183946797
S52,2302,1,54.0587938100305,1.4757856495650534,333.49211388292593
S53,260,4,84.86957344143055,16.6311110603914,173.2890304695742
S54,2004,2,86.46503940302155,90.24428655105488,136.4303228316898
S55,1028,4,98.5308843779726,26.5203058172152,102.6897224208913
S56,716,4,69.65915036001626,73.05053174154659,55.72685709866309
S57,2398,1,29.67078254945642,96.87093649691587,269.27120173646307
S58,2056,2,5.716527290748308,58.41775944589712,20.476648702326425
S59,2276,1,50.782849699341845,85.13425453441215,214.21263832200995
S60,2392,1,67.52125536040901,23.52038950009312,338.9746058024722
S61,2418,1,56.96754101381849,57.891905750721065,222.97734371955715
S62,1237,3,41.92249153358725,58.36722892912248,336.4942527851138
S63,2060,2,20.425919942353644,71.61918007894148,95.62122451128738
S64,488,4,13.087828212745643,64.55007888376495,113.82379065786743
S65,988,4,75.18644924144022,7.254311449315731,223.6173319775134
S66,2112,2,56.299364563894606,9.998124892458849,182.11848985755552
S67,2504,1,13.24565703664673,34.900883496451506,316.5372872944354
S68,1645,3,36.9527088738884,15.774683235723195,220.20399566134205
S69,2486,1,98.72330636315044,65.39763177107326,240.43075333653007
S70,2272,1,55.46022824896778,93.17560394360774,338.0148014137574
S71,2268,1,13.429111439336772,11.54286704191022,267.2700062331595
S72,1844,2,15.544790977499046,28.175627145789427,258.34038736996723
S73,1207,3,20.359731232745293,63.423795888507975,181.9472609152754
S74,2320,1,25.11212520698941,90.8159046218572,33.22744837658404
S75,2432,1,42.35757725637264,27.668022397225165,120.08035389783174
S76,1838,2,13.081966070170225,97.9797953828836,266.8431270052551
S77,2300,1,55.16804211263913,42.768691898067935,40.274597012160605
S78,1864,2,94.50509390466392,69.10196237558765,196.41250411398804
S79,1944,2,83.45950198860167,58.25095664897941,154.72321663707783
S80,2311,1,4.1828858168857845,36.465151532725606,323.61286914953087
S81,2363,1,21.007653833975404,24.952973922292443,127.3243084612626
S82,1980,2,55.98835191438697,87.47127235410912,333.2749761250404
S83,2244,2,23.673733222935866,16.250176710043863,317.3098336787968
S84,1609,3,2.4786361898188725,73.6564471755082,281.6591386131474
S85,2110,2,41.171316655155366,66.99071292881968,96.05005545400994
S86,2444,1,78.73745091354711,10.809562640295711,309.0935704816014
S87,220,4,22.243371754566443,81.65866055969289,125.87703280053071
S88,1964,2,82.0536380971562,87.13230358630082,8.519196492522546
S89,2423,1,19.312978832770867,32.82619511977065,348.08007745741
S90,340,4,27.91249927218714,64.14817386076277,244.6265226096949
S91,2322,1,84.36611632720808,33.11498682144071,41.52303066651393
S92,1684,3,97.0400611022228,17.856781617246366,13.77259104717458
S93,1414,3,59.65712549877446,34.56871116798003,157.10179819341886
S94,2230,2,98.423584931659,11.564578402933046,91.7001022098895
S95,2012,2,70.87852838341706,0.1691278218629466,131.1197298412551
S96,1435,3,6.997381112631018,66.42376849112723,224.3359475807073
S97,1354,3,66.33874762655442,12.462531566436772,182.5641014526969
S98,1321,3,66.68929041057297,32.61829048573999,199.58849196004573
S99,344,4,19.184009299014747,66.49294342127715,243.83446029818384
S100,1774,3,90.28055457325829,61.55149159513805,146.18706075293863
S101,2214,2,83.37251693040575,30.38749492683538,154.75973399634046
S102,592,4,57.9984781195682,65.47056237030716,159.0429660616631
S103,2036,2,67.56272331900999,51.11739968745871,237.18626819943185
S104,1396,3,28.378640499302744,66.38538363049987,33.619392027202565
S105,1042,3,95.19996624524752,23.486859852668395,80.87063975902377
S106,2114,2,19.912993272657665,2.442538772682634,354.2169682014665
S107,780,4,61.12739730606801,76.84893390001969,149.19876395917896
S108,372,4,62.97653807377137,19.44352367397093,177.9757808437573
S109,2367,1,24.398443957843885,65.60580111117841,321.35753743609195
S110,692,4,86.04405654225214,88.5465205509866,78.78280925243499
S111,976,4,80.4109856173143,69.59117764082383,18.07861865063073
S112,428,4,24.919827965997165,84.83363473516597,48.0020780005304
S113,1423,3,46.46432374982366,53.11318858555887,342.0142590395361
S114,824,4,89.1425925810437,61.265232276176285,299.0049010997094
S115,900,4,54.78719506108284,89.72081032332622,162.02511260888693
S116,1045,3,75.17767865005115,83.98628878419207,275.6929263469796
S117,1771,3,52.12998128279821,62.67484369817813,158.35413357536495
S118,1738,3,71.35448626110565,23.44935780146353,115.09544463075444
S119,2106,2,54.01522225184564,13.837406151615571,137.89270527528174
S120,456,4,15.280526657714798,21.395287710598744,146.7357730799712
S121,1966,2,54.261114050391534,41.5774234103156,299.84082096257555
S122,2334,1,38.947681266694126,76.97957723146632,308.42353162941635
S123,2347,1,76.55945761180695,38.03810289277117,339.38699667627486
S124,320,4,29.861265237238342,38.998664806371885,193.75940433968336
S125,1976,2,73.46340607563577,79.98681709412678,175.76261191809016
S126,660,4,27.293531176325654,48.56419937985004,121.00663573141767
S127,1818,2,67.91418850283497,40.431666913763706,302.5820387025211
S128,2273,1,91.9541620668976,98.07219775189232,326.4943905312366
S129,2298,1,59.18927756279109,66.29997568361613,231.38987328336088
S130,2323,1,13.569948723056424,46.16984440515117,93.6562730109497
S131,1267,3,32.735266694173426,45.469932501648216,274.04269484184977
S132,768,4,37.912621556413626,75.20098235547849,90.817751441657
S133,2456,1,8.190623276164255,1.938328705001069,359.9668182633153
S134,2381,1,34.99603437201839,65.0144093249875,271.5239534614294
S135,2335,1,94.96117327159888,19.93606823625329,223.6808363710168
S136,2442,1,23.854494188890584,47.356106094612805,203.02904949480688
S137,1663,3,21.796454090650364,69.94649712461508,60.40409161240881
S138,2275,1,60.72474938909317,74.79256519552858,280.00507902315576
S139,2357,1,16.376581016719914,31.103891959859983,334.3993806265637
S140,820,4,57.57967284124141,90.80261510474446,142.79559894598583
S141,1900,2,71.50147050494684,7.599647784305996,36.68446996055155
S142,2466,1,77.2480884951224,85.02932390887963,286.6417979760763
S143,92,4,56.59325553673159,4.106913020613612,238.1476826474481
S144,2301,1,6.895673651964051,64.75432540568052,305.84722571984787
S145,1621,3,82.23309180900581,10.55388706439986,228.81063819652053
S146,852,4,82.87073110024582,70.73086437060769,63.40930599098137
S147,180,4,52.17467469384799,65.04574140167414,167.35455778842282
S148,1180,3,82.57345984207556,59.24746190637017,306.6167376069595
S149,472,4,83.07310188906034,8.66628980556744,87.79083810874415
S150,80,4,46.470846660323176,61.03317042305206,121.10278316089509
S151,920,4,49.4306503615922,32.50141678887595,76.36314606470604
S152,1654,3,79.78323568280965,34.03388431642836,200.08477005105016
S153,1946,2,51.66272517149342,19.10564235270989,259.2268790775099
S154,712,4,48.85778468487874,75.81646534824664,232.5250439067428
S155,2426,1,49.082133507858615,79.29328681323175,105.92480927537903
S156,1726,3,40.44011286779281,24.330516387675715,170.37377595342892
S157,1489,3,53.09219311457678,42.55038127052148,126.6517899411006
S158,2232,2,45.37452628531785,30.66229913488304,43.4361185108301
S159,1824,2,19.25842934515174,11.955474125505283,68.9547502837961
S160,1453,3,73.86046535089507,27.64996269686893,352.9838269665047
S161,1495,3,83.2628363327068,29.624646326514448,64.5989557267452
S162,1282,3,1.4148367256063832,53.413508926766326,16.385652353958598
S163,2078,2,5.452602023898779,29.213664455277755,229.63307583813392
S164,2471,1,75.27921757912537,10.258764678776068,206.6631190654796
S165,1800,2,46.93969449305102,44.046879813601024,347.57915152978615
S166,2469,1,25.247839049297266,86.17229646275132,295.96163230779496
S167,2374,1,40.07074422519398,7.408217025563979,54.62172250234431
S168,2292,1,81.11420762750475,94.91256423580312,357.8105241756793
S169,1878,2,11.84515622114616,76.44434453261943,279.24967429135825
S170,1099,3,38.037802614654936,90.85043776238038,309.65999969742484
S171,2326,1,99.0031260466798,30.53802443193604,219.4671284082469
S172,1940,2,74.0089305484545,94.7590200325378,225.18541094637715
S173,1858,2,26.464612529000743,8.11874654669843,62.57287739751641
S174,112,4,7.506486890116792,0.2675722602885733,248.1736088825168
S175,1342,3,46.991247900768585,3.2639855380924288,254.504098756452
S176,2258,2,70.29875580937171,45.40313264070433,332.6079760137175
S177,2250,2,78.78280266467314,62.505800716422186,153.05002779751618
S178,1324,3,54.456237871057866,64.76347234024807,297.5872174740215
S179,1597,3,7.140983685581414,16.592278922072467,214.2158534349857
S180,16,4,82.42403013200092,92.1192528967638,44.767316942894965
S181,1372,3,68.86779912120937,69.97336849757173,180.1699837624532
S182,2306,1,49.37952193450843,8.044185189930097,320.1922401452833
S183,2274,1,73.45339232856153,60.371364094591065,32.87767918715468
S184,2370,1,96.19111021928369,83.59586139061813,359.8460700758825
S185,2354,1,67.22815843032393,26.95110259670539,274.71924150181394
S186,628,4,17.519072793797264,51.89638409876039,329.7862036536363
S187,560,4,18.148914722312597,58.53296252778544,348.85988498365333
S188,1678,3,47.00103949603517,40.83480934300153,241.2480634276268
S189,444,4,85.77330944003526,32.98036635789654,103.75840633012407
S190,2310,1,94.51935395632104,81.35660347379726,163.7373270966226
S191,588,4,31.451715717016796,32.327378627599465,311.36781025867646
S192,568,4,82.4927203268701,0.1151067448112219,148.76912548775573
S193,44,4,18.758254139452717,36.17793591516752,225.14714717220323
S194,1992,2,75.9990536061017,20.355823835027387,333.9621939040012
S195,2403,1,43.81160950723783,69.82500291221723,10.392999278998762
S196,2032,2,63.00222770040605,79.93137332744706,111.87004982160065
S197,2158,2,1.3674464466060687,40.79906872899025,357.2125701822791
S198,2483,1,91.2929878484168,46.14478941787834,233.1754879621531
S199,1714,3,15.397112442832803,93.26530599341044,183.19392542502425
S200,524,4,27.34248967132742,83.47239455766943,87.74312618704981
S201,2054,2,55.12650768804696,38.35860132471499,311.04969639429174
S202,680,4,27.624740282204097,79.00061820031135,122.3550875211464
S203,2419,1,78.77174057642942,26.71726630669048,101.82203398181758
S204,760,4,29.85558497717672,58.693772241416106,311.49381409208735
S205,1624,3,44.65473930431945,48.434138555172034,198.69027014549195
S206,1519,3,54.343006295867305,45.5344616866501,313.05660596426463
S207,844,4,98.07746313325944,23.88055441662493,84.08248058084152
S208,936,4,77.55444750992588,4.364729909730192,253.8820371690009
S209,1880,2,81.14089025648768,38.60787524909824,178.3183138619125
S210,1606,3,3.701961134557618,50.229115013296585,313.0921128103976
S211,708,4,87.41903740543083,44.03062097706771,5.525135249493829
S212,2164,2,14.415541596694748,87.09329713492193,26.93816936773517
S213,460,4,78.15252912730249,26.50227795434089,233.94119492853807
S214,608,4,85.17652923506914,85.23413365658931,343.4902533441634
S215,740,4,62.67991790079878,88.74386829093233,314.05788626347305
S216,1378,3,3.5899099837686577,6.8420747181551445,359.07333226423754
S217,2401,1,74.6766366737927,43.397147192312566,273.73308947793555
S218,2090,2,70.38908293290379,10.050724032281744,249.8404186055644
S219,2396,1,90.3424062050486,4.599096867721276,105.61239934747516
S220,748,4,37.48410897753149,14.556979569939845,203.73410228973725
S221,2509,1,79.25194738809532,16.998364906809737,219.41704327987324
S222,788,4,38.25442986168739,68.31345799627138,328.6184457684797
S223,1318,3,14.311772012850966,46.11499133549975,165.44537970362316
S224,928,4,66.68407172664807,89.8908531700321,324.4353924955979
S225,1004,4,67.76108856990794,15.797562207178697,340.2848285764726
S226,992,4,98.76516952184714,29.91542491237722,248.51286448564647
S227,812,4,45.68358126677865,30.21216705383136,307.2007651176669
S228,1693,3,10.665326742236092,38.136429765762905,206.9322948643122
S229,100,4,99.26920436268976,29.523075388326937,98.81293686416198
S230,2339,1,56.5929016955699,68.57994927340121,327.8221033387358
S231,1405,3,74.51721541339701,83.28388996731884,279.2667526572171
S232,2180,2,23.01183909704163,80.19319575452876,229.1824360821211
S233,2228,2,62.08911631303041,67.77644586233595,226.1693173272834
S234,1171,3,90.3403704072968,64.63406088905228,283.8997742436554
S235,2072,2,3.3364531245632434,36.48612330284698,32.44801526863882
S236,2034,2,29.51104516291553,74.74808649383715,72.28612607402744
S237,1594,3,78.65128110305052,87.64605967066406,191.1068545330026
S238,1450,3,91.34869744816967,83.04726195673973,329.0576232737924
S239,1486,3,94.41878160971986,96.73840761668122,268.7613662581362
S240,2493,1,33.87152538018863,11.51697074497594,50.67252540211776
S241,432,4,96.6500209462752,86.01405968988219,348.21710902801163
S242,96,4,80.45876440205619,36.57750494055664,5.010715836324424
S243,1549,3,53.65723082690591,45.478602773387465,210.44163299477975
S244,2349,1,82.24173012267742,94.02918917795542,242.9411599351159
S245,1048,3,47.14768679814386,61.95468670445295,329.4921271475374
S246,304,4,22.136720007399003,6.321704116019545,327.37954983404114
S247,2264,2,30.219017452925023,40.82958557954127,16.32485196481756
S248,2361,1,3.721212822470499,99.59273747550294,34.989119503855775
S249,384,4,88.72593085285023,13.566404870633653,133.5641455752778
S250,436,4,94.93807684119056,69.64839916376329,211.4425243974987
S251,2487,1,72.65991505572416,88.54137838995794,300.12950998667577
S252,1177,3,61.56522140511564,93.90530657136551,11.777863267816889
S253,2218,2,37.05299587344354,44.33830860607016,307.96206959014364
S254,1228,3,9.935462460613032,68.56802654812853,21.798032099979157
S255,944,4,27.588144086158685,96.82068759363868,33.00243257430751
S256,2317,1,21.21058154233132,63.94929185297038,18.20826383863428
S257,2108,2,33.3509156432516,98.88209039414218,24.699655016768123
S258,2066,2,76.51573758885844,20.71573703466585,292.69907320358124
S259,2336,1,23.299867904603143,77.436857780482,99.81894455124586
S260,1696,3,98.40281318477388,98.75273043661724,287.4649764807445
S261,2240,2,10.992634788943557,86.6447888506801,5.349717803055185
S262,1540,3,78.99846642347539,23.793160609046303,5.681190064017692
S263,544,4,26.536750832497336,12.675854371278028,189.39078957523216
S264,1306,3,74.56652750339957,47.62459654232502,184.765664739309
S265,2433,1,10.90540100038455,50.383868978582136,261.8074789789447
S266,1300,3,90.87516879065402,65.89030736792922,164.89530795516552
S267,116,4,96.40261831220288,6.082540749450582,305.0274755402074
S268,664,4,42.627361927999175,10.796182967922718,26.45665767592218
S269,2414,1,8.079047741079194,60.829742363344,45.42897178982018
S270,1780,3,62.43174942812079,58.53646885481211,137.12558357466747
S271,808,4,59.73918551993134,29.489774594988983,35.70424620445512
S272,2064,2,70.17794185460662,85.2792737295575,154.8251789998991
S273,792,4,88.8091021988493,41.381357117691344,143.5428663325032
S274,1174,3,72.96125076345044,31.2548349997133,239.4388307017112
S275,68,4,37.430102343553685,15.263892476872376,24.16799092919319
S276,2470,1,83.17718884748545,9.32301017036774,268.05202890907645
S277,2388,1,37.26468593759036,13.011545357384335,211.1274297862117
S278,2449,1,56.15864139920724,32.964598141620506,147.89110785197695
S279,408,4,87.36073722343185,94.11298688522297,312.5131735928634
S280,1159,3,72.10606787461494,96.83986253114745,126.59262684953364
S281,500,4,57.79185183898549,21.27388056720061,80.7281528787236
S282,1360,3,10.821838192726664,84.5373418601345,41.35871287091094
S283,800,4,27.85682124949992,22.615909432784743,304.2558580782089
S284,2318,1,97.4546602125708,81.84268595406697,219.23816959910351
S285,2438,1,65.78312279988884,69.34711878556588,64.94978590590759
S286,1639,3,70.26987728656047,30.89846888299101,126.36843146531344
S287,508,4,18.140555821256864,14.32514903420291,25.05075164940112
S288,2313,1,74.09690591184199,97.1810318758019,268.6002343220544
S289,1084,3,21.513288003351093,41.98324937645032,56.66733930423192
S290,2285,1,31.16373697042164,32.43828920784265,318.0031864266036
S291,2312,1,15.557990340448836,75.44358791249854,242.6287358207207
S292,76,4,27.21028435462189,66.19386928082612,218.54736267876555
S293,2328,1,41.41837378827247,21.556896533774683,124.26222797311029
S294,884,4,11.088977220093057,67.82178929335345,189.6962785733321
S295,2399,1,30.841939185125643,22.05184355025246,2.767350923957834
S296,1928,2,30.14193620184368,21.123397922031227,275.09792247404914
S297,732,4,28.94471312174376,11.99843437055491,268.9250844347164
S298,2080,2,17.56948018758423,38.02074457152362,180.09444476023674
S299,2280,1,83.33542024198782,80.62001865667638,142.94562272902704
S300,756,4,74.20413273744452,43.621959551231214,331.6184764208685
S301,848,4,86.21100136120664,57.57591607368311,255.41962616481632
S302,2366,1,41.76939598434806,11.517337266379824,347.83188877192543
S303,184,4,17.1873180578069,94.76143093267476,299.5293287058146
S304,2508,1,91.97697517413846,8.812988129788469,87.59393093618412
S305,624,4,58.88712883029119,52.39625430006316,313.3887898303482
S306,1996,2,74.58048264646028,22.157205889425136,27.496575890287613
S307,2140,2,63.32246669681864,53.06048207726482,326.1321833688182
S308,2260,2,34.93752654723803,72.73791056739043,85.05678562082075
S309,1870,2,14.644421827769438,19.72718028239833,273.67750639688114
S310,416,4,65.55090105187391,17.714612894722915,167.02310466468705
S311,1501,3,56.37354832878496,57.94680897064898,311.1288749393098
S312,2479,1,62.72174068997718,15.09574013930769,168.8115900694944
S313,2516,1,63.13851200254293,79.63296791514281,126.69920014322756
S314,2343,1,7.419065617328768,46.17424864464541,20.48041830022285
S315,2440,1,83.16966316631215,7.673100117345499,221.4030198296065
S316,2410,1,50.70678173339551,46.271165892727225,161.90413331432626
S317,1243,3,80.9815917697971,65.18374546486099,217.80210026522312
S318,420,4,50.136730187282765,95.77223588665848,37.26067581734098
S319,2457,1,89.91268339557735,34.343777583826764,181.63764054034465
S320,688,4,17.255891143636493,24.774372359828423,356.7549681528795
S321,1210,3,52.40685531701745,60.98054063226744,134.22671355647776
S322,1462,3,28.28935786144179,40.87693972473203,244.4031794014492
S323,1576,3,5.236551753600627,63.08865744419795,23.728267540698287
S324,1429,3,9.450594751509431,67.8379344840081,90.71848258781516
S325,2128,2,85.15662599844043,96.44100286539098,120.01033298180036
S326,1192,3,58.27395145864196,14.142838058431783,111.68342551865236
S327,1998,2,65.60547180360552,66.213515692918,214.2148421345669
S328,252,4,93.80021995657609,30.958188741596093,231.65757481007503
S329,2503,1,32.847655425358404,12.779376410034594,232.56893546405564
S330,1750,3,42.34063663221037,36.182809634678456,111.19178522299713
S331,388,4,95.11693135961345,34.17323451315482,69.12188411917906
S332,1168,3,99.99766211030284,15.49451729444048,303.994219926918
S333,2413,1,10.114076366789416,77.0874720363101,238.29452545371035
S334,512,4,87.63927725427419,61.8031465493508,55.53099407560375
S335,2046,2,18.08459671686966,69.28456408612267,259.6258792099537
S336,2116,2,4.3692427954514335,36.4299414130769,349.051897227105
S337,888,4,61.059542212581576,75.2391165111486,84.2410599607528
S338,968,4,23.91684972455195,96.55966371940364,325.43076172948497
S339,904,4,19.401617622256985,67.83068250650925,166.2047922387561
S340,536,4,28.177173270377544,38.18724341907105,347.856535154141
S341,2186,2,81.68912395812401,80.12592241515476,314.280691221365
S342,1411,3,5.217980326100458,48.0590655461825,199.63466835279525
S343,2383,1,10.258973174840936,84.58922767334384,102.62268506135824
S344,1932,2,76.31168302916909,27.279129959135663,299.1768187097469
S345,452,4,9.17135696590934,91.05049537274093,318.46671853848267
S346,0,4,93.04719271262748,41.48969058190054,180.7225612895648
S347,1699,3,23.577807386343263,99.45253512382912,80.83395309856174
S348,1222,3,31.868487544973124,9.9083124393048,284.8970294935834
S349,784,4,13.759958772587169,28.687939731326814,250.5859158873541
S350,584,4,13.87926918181862,70.55361752890803,221.5253725788774
S351,2148,2,90.58574891032708,1.900388491097038,300.58671574165714
S352,860,4,54.88042454438354,72.72347853249317,40.02726971672583
S353,2369,1,28.81015780392305,30.115119458622,85.83822124553616
S354,2417,1,63.89517321728104,62.28105683409692,39.9088423044054
S355,2450,1,90.51468856619984,59.67390428189469,227.50377912473127
S356,1447,3,57.50474575306336,71.85443277923527,154.52600151720014
S357,880,4,61.48095827759506,24.056423880654357,67.4330082474177
S358,1528,3,66.82149029196349,52.348455767821136,24.364556247184574
S359,2348,1,52.60594453221705,50.73276965797866,140.56334372162308
S360,1201,3,47.0135078158486,63.567079146863,91.31409398491658
S361,1291,3,1.6242231108947625,78.85200162795152,86.80533277883207
S362,1669,3,65.71044000108314,10.366386749968948,48.027452349371046
S363,2044,2,35.22990461141895,33.85472581797008,298.938116434897
S364,648,4,68.46825664089835,98.08191857888492,227.4249051930016
S365,328,4,81.14976818476065,6.310053703222462,13.314164471919256
S366,2340,1,20.15909928367009,79.11092132290439,113.61449521790112
S367,616,4,31.00758829368918,39.8224055686017,91.19295547294226
S368,1039,3,75.32909188188648,19.11034307339109,310.3698709689301
S369,1651,3,4.780403424649138,65.57313675576796,44.81100296797803
S370,700,4,36.8019174314673,88.94865170122814,322.0694981838192
S371,772,4,38.66447682606922,97.3723584315309,249.1446568005414
S372,1054,3,36.7346926959682,79.72908803766656,288.4133114646386
S373,1812,2,72.70813243426358,7.892700605546787,196.37078304406933
S374,1225,3,32.1211428214594,8.006891107499525,110.33850819267089
S375,468,4,60.26216277305998,42.61160728830454,126.55691415791716
S376,1387,3,4.235516285012952,87.00371750563922,221.3465335915552
S377,2324,1,43.49405040931356,63.94693104924804,27.014819395737337
S378,2122,2,63.75125378832984,36.33111306509823,343.0041826606588
S379,72,4,14.277946836254973,60.75729033208553,12.527627687475128
S380,1336,3,6.72333630621088,77.85153735068654,130.37420971563145
S381,2212,2,94.94671118799197,3.238532397966698,244.46234048882215
S382,2502,1,94.88235292655564,37.20133784706837,206.61184020020244
S383,1438,3,52.94598815362897,39.803404595245,89.86019511362326
S384,984,4,11.344861258501805,73.56748594794277,186.3882987150211
S385,1525,3,91.35425058131868,11.77609954906752,253.4536120344573
S386,188,4,21.457042542371973,61.18771827636426,72.06420275680327
S387,2102,2,13.572841773052724,7.405203917654369,323.52445108304295
S388,1627,3,44.5111192742455,8.779074110473106,240.42232457602844
S389,1732,3,70.95404868195881,54.99971474868906,320.8794056474
S390,2070,2,85.13620507531259,71.18091040072126,285.730698184201
S391,2074,2,50.87557451743008,12.13624550784569,285.1436425000107
S392,1402,3,23.67361842868705,49.40219374469223,199.44771741345423
S393,1876,2,36.89111655012207,80.36617262885865,220.3014105433875
S394,652,4,8.621548165193271,30.929071752846216,189.25043573890804
S395,2478,1,76.9164550374698,82.33393995083907,45.11764161330985
S396,532,4,31.702767046048187,7.41650197653062,244.83923663384917
S397,2176,2,34.45147807026997,87.79601516504117,276.4013894487564
S398,2358,1,12.90329577968886,50.28637864493747,299.3006903283149
S399,1874,2,51.81021329240163,30.412454280746783,116.15787041564002
S400,1195,3,70.93321325292459,34.602308234187305,304.53613421611163
S401,1729,3,25.060530898199907,63.50570913877459,45.061306245684975
S402,1926,2,30.282460610887608,53.34780297683805,213.05104031397784
S403,1087,3,58.064650114025376,17.120062305579232,303.31080148082003
S404,2495,1,56.36180344312957,82.5236267326632,29.24022776161316
S405,1552,3,94.85468539703916,77.10223687944652,234.40679189481597
S406,2271,1,76.6959000916311,41.65867836632462,179.29370164900178
S407,1183,3,62.71640102980843,28.967165680160576,173.860134543151
S408,1417,3,80.4688154215733,68.49908411956767,163.27588786386167
S409,224,4,68.86135716729837,15.808044701520718,174.3304068386493
S410,1213,3,20.40230135633987,60.66602628206363,310.13462765969814
S411,1381,3,31.931639264672807,98.80233694670898,351.1346860493569
S412,2284,1,13.076615155238647,37.05401980502913,114.8817191051366
S413,1924,2,46.64725670406364,26.74716744541824,50.715948602946064
S414,540,4,5.060529180029027,94.53848927032188,89.37730093722718
S415,1504,3,86.53075017207176,15.969966213016097,336.15055268978574
S416,2132,2,72.11284288221219,18.98341012233597,179.37559514156715
S417,1036,3,51.472483923148445,49.875970839765415,179.05329829710325
S418,32,4,9.004909504378434,39.32421841132973,348.00718699889114
S419,2346,1,21.51444225262411,35.289508885635534,101.2882818144702
S420,1020,4,59.75187710101862,84.28496469129624,102.86941731876632
S421,2094,2,0.8177405947240923,10.74970843712074,317.6840631306934
S422,1252,3,72.75080633593919,76.38567641619896,16.287262024055277
S423,1618,3,5.1157687383008295,56.18168651659437,199.1602535836146
S424,1546,3,7.353174974284182,50.42555291232047,297.1120744651008
S425,1920,2,62.32415786415236,61.10431411773787,351.02981354896224
S426,1126,3,39.39037127286071,79.48972283809458,200.81946177796632
S427,48,4,36.56063732129721,14.426735936893431,180.0280452854318
S428,1711,3,4.530335246707473,13.70363735675204,289.42770786991633
S429,2172,2,51.93327103330832,14.894066457644485,118.06770514914945
S430,1216,3,61.3068121064678,16.25020458769394,213.7408760271552
S431,684,4,50.731498620129656,50.97141007508325,255.14633031675763
S432,1156,3,29.979056473741373,81.57488332438241,119.24625368841215
S433,1471,3,10.96045894913228,41.65402694322328,286.83173301485294
S434,2500,1,72.53242125518553,68.80436512027717,214.88746174314971
S435,2220,2,26.55304369857213,65.55909721769689,259.7040404266704
S436,292,4,58.352327704764,17.051206174665936,53.199254988119456
S437,2295,1,68.07268950506788,3.157051334209937,68.68235801769384
S438,212,4,44.103856618473294,41.878029816919,248.5800939306692
S439,972,4,41.03774093227051,77.4972301807091,314.21437520843534
S440,1816,2,73.58372712686814,6.228128601443195,186.72595616164068
S441,308,4,56.08867729086393,99.8122868405482,189.17177450401277
S442,1111,3,31.375259873781715,17.318242385732773,196.65835892813888
S443,1231,3,67.5868576556368,86.76544034549933,219.62756882835052
S444,1444,3,19.22641691367134,24.65191355273604,80.95213367741401
S445,1270,3,97.2910627590569,29.76145652769079,253.76433726117017
S446,908,4,69.0239911563607,48.90030795115288,125.56914271247037
S447,1234,3,93.37003747708006,79.54053560023335,103.604175179263
S448,696,4,57.347680387364505,54.319087698827815,294.6158856470024
S449,1582,3,95.46088633914611,80.46158339565703,15.143935259781184
S450,796,4,95.53137176792418,7.902943600985035,236.14993819832677
S451,1339,3,74.7338499718005,21.398680807700757,335.8886161619908
S452,2096,2,69.61713006468227,13.727295480092296,87.28489382770324
S453,1830,2,66.9833964893104,53.10414897327992,18.896798462206604
S454,2305,1,41.33013660482586,71.73580562502437,245.22911516931487
S455,2052,2,13.746703419969553,96.45187672253888,146.48668255687804
S456,332,4,93.50320985961515,87.83996215142282,234.19392907473556
S457,1630,3,75.59110594087394,28.724503756439457,232.52325044049715
S458,1968,2,90.79369587356224,8.946072051151631,192.6548196816977
S459,2262,2,72.31176782424234,93.6669379750626,150.43859360820193
S460,2351,1,83.76048890932553,93.39226105782002,358.9818491118636
S461,1708,3,39.69945742782996,49.53838973217578,315.62754045045244
S462,2461,1,0.9267168480099786,56.79618686644954,334.24374456612617
S463,724,4,33.5042113695753,45.4349078156795,320.13358695716994
S464,1063,3,13.41999460090677,50.42126735152361,69.41210337857152
S465,368,4,11.264676102015446,16.249426253973866,233.382721935327
S466,1138,3,71.85981734558871,1.4084195618464743,284.676359193092
S467,2124,2,56.77812224209393,75.72827502575612,219.943619878685
S468,160,4,63.87257940846887,40.54903747662143,185.5010372255265
S469,2018,2,8.673776984835591,66.92558534099543,353.40666927859394
S470,2314,1,47.7454098489893,93.58253870013884,93.88269974355978
S471,1516,3,23.55212528015339,75.3756651781457,108.7005022889813
S472,1510,3,72.28825284009974,1.143573419416799,249.396692552186
S473,1144,3,6.212433180053612,11.822484780397255,57.49805708192273
S474,1573,3,68.60736198911106,92.3106013947117,248.5045358707731
S475,1129,3,63.871132519938335,94.06356237459003,221.26516133178563
S476,2146,2,21.91286009353439,13.356878219680413,163.7923221974413
S477,828,4,98.8837961895309,37.36248419869364,272.6461883895573
S478,1962,2,80.1994991780031,82.5603509086457,244.92309117098327
S479,600,4,59.58144655312229,78.73706898232572,190.1423246663496
S480,2468,1,36.17848685242437,91.72447067809756,22.232897120406165
S481,1834,2,54.76492487109314,50.54870560925958,59.23337636979181
S482,1914,2,85.4486007394951,44.18405526596308,258.090467825034
S483,136,4,48.88279668311897,89.88893517134737,291.1291499438054
S484,316,4,45.3432300179782,51.32478432016415,203.0080266355368
S485,1585,3,55.87971989987663,67.27677122273694,260.38082873700085
S486,2216,2,39.59487099532575,81.64532259331305,208.19205542125275
S487,2288,1,4.528980272782879,34.45288665621346,194.818861468766
S488,236,4,6.025563131707001,89.42184453384515,11.424553568308454
S489,476,4,40.88669358192482,76.89720625834828,134.80593142977634
S490,520,4,89.13336052185268,44.85371326626858,135.2323921687155
S491,2050,2,68.27303541015414,66.17925381254682,235.27227543073272
S492,996,4,34.776988713915024,17.847362900411166,190.38331423584333
S493,2379,1,72.78581409061282,22.269021596626647,272.2245893492156
S494,932,4,97.84906826791388,46.300390119478,191.49609905883315
S495,1147,3,82.33604373757844,24.75120385037756,55.84369435335623
S496,2463,1,18.84804512367424,87.52081746237273,11.59823336759317
S497,2282,1,66.01976858022853,61.49232072089125,86.6398658915563
S498,4,4,6.729090288949536,59.39441474793573,215.20256282335896
S499,2452,1,70.32862668649287,4.86763212437491,144.81552629192626
S500,2315,1,23.433927848756163,21.72692101775534,50.44880704136565
S501,1408,3,99.34834412430484,23.41615171416569,207.89093326963751
S502,2058,2,77.25382124821238,81.83824890901529,108.63519665191318
S503,1894,2,14.326043416332867,66.02124238107432,148.88167432084933
S504,1872,2,27.515392050860545,55.67181181052345,225.3575295533988
S505,1219,3,42.72005822945435,49.562078749302096,338.97110753948823
S506,1765,3,67.13425247457224,78.5804595980518,250.67102663127235
S507,1826,2,40.825917682958845,29.98884944354011,271.58979500572514
S508,1636,3,47.35188204122199,84.93409322600405,308.71484588628743
S509,2267,1,14.435174916517845,46.30251594986109,202.45894185128728
S510,1982,2,96.77861885466268,55.72867581992731,139.83085757068594
S511,2422,1,25.49956456075365,33.02629936241049,332.00139762404007
S512,2246,2,84.71333859196119,9.246399652686366,18.553186481044968
S513,2308,1,37.71679749613398,60.49694463828358,314.50336505623426
S514,1792,2,18.81632939327553,76.169641753721,172.58191432952933
S515,2506,1,86.94738515245379,33.296431081882126,76.25079793764289
S516,856,4,19.00236976301487,74.1475203017266,329.19886683921175
S517,424,4,69.56262857049818,70.37685826757038,329.4455254536803
S518,672,4,55.207929254781455,77.55138820637703,167.8501659044179
S519,1153,3,64.87213399951126,30.84222842869283,184.61395440855847
S520,12,4,49.72772931009833,9.860823156548005,274.18642895149605
S521,1759,3,32.0233284788806,20.312749125588624,149.01486140830485
S522,1846,2,56.25247274643543,22.12740983162253,5.83916436045377
S523,440,4,55.33115635421741,58.40318991179981,106.26922350278576
S524,2138,2,19.619178272683374,23.00186260032636,179.7485336529561
S525,1672,3,65.46079661210219,68.48466123459062,274.8098252398751
S526,496,4,48.86211005338152,72.35579463965777,165.8984394413539
S527,2238,2,73.27722370250189,35.21761683319934,259.3128710743537
S528,2453,1,48.83163212541324,91.68993896943668,188.6199895454686
S529,2448,1,83.90684935949547,7.433041144302566,275.1619836859269
S530,1832,2,41.23922224155927,84.25447168253484,24.468458999552148
S531,172,4,15.102964646474614,21.87196724543937,134.35224936725228
S532,644,4,61.7835235876803,66.67547295533397,237.34236311635055
S533,284,4,1.5731766869219732,53.22124850127366,4.266348526041277
S534,1459,3,52.94176468416506,27.4740737197832,6.171335136873792
S535,1978,2,81.31572209139098,67.40329521192103,38.52591433001744
S536,2118,2,9.631389025140846,14.889748574025052,223.12110326829668
S537,64,4,25.241819631468044,35.44411008605714,28.44692777319673
S538,2086,2,95.92977941485302,45.89977455511851,356.48389139030184
S539,2499,1,22.58572526274222,68.40416254703855,235.3448590412951
S540,2408,1,85.82191590211872,75.95858501768447,145.90018731754307
S541,2291,1,37.71695684842872,47.60051001318912,253.02425400687815
S542,1705,3,8.268612250580176,84.53297945403281,203.7083860623726
S543,2382,1,85.79603133636694,9.536183547073009,82.71593895636602
S544,448,4,90.1272959024585,69.22877124514751,97.5942189750247
S545,1273,3,92.41592666085664,68.44287434636415,323.7521943114031
S546,1513,3,56.35098640479836,3.2901780153471893,5.636914269096462
S547,84,4,20.715811540958363,14.419156128357692,334.39497849119823
S548,868,4,29.92768895808625,56.39581996237649,243.73258771560543
S549,1922,2,54.05624310056108,38.384621408290606,284.57931068429394
S550,1141,3,68.93105411839751,7.842769101852809,19.330715501061697
S551,1753,3,43.70882528434991,83.86746576131749,217.8607475522312
S552,1567,3,61.38652336214363,59.56086620442795,10.66523722025944
S553,636,4,27.33270286287973,99.25858784507972,82.12982034751795
S554,1994,2,55.30377249504838,37.54269959915276,244.6901489117372
S555,1783,3,66.06719075148754,8.569411763673573,287.2998625689888
S556,1842,2,71.31085326783857,8.203800967314855,136.79999751004408
S557,464,4,78.38902818702226,15.427689060311977,114.00416232535302
S558,1666,3,10.655091771126113,0.5195222370030117,160.10491139866633
S559,2477,1,76.13464912009718,10.223141411324589,67.4610420700358
S560,952,4,44.88436770214514,55.47400006088677,37.18545384298476
S561,1384,3,8.96188419603875,55.4219805397572,310.938543816549
S562,2415,1,1.2340614883954435,41.38100697681274,260.94378385252486
S563,1822,2,55.9536545762476,99.27302001280566,205.9057550698342
S564,1898,2,16.95829233923255,38.07320234887431,96.81082687085312
S565,1934,2,26.840679714921063,14.593482064654784,156.4834569345882
S566,2331,1,42.11023397725244,48.42313139339285,130.0049684242301
S567,1032,4,94.42222956313942,72.08994524555928,213.7703032940683
S568,1531,3,19.554822488026048,10.6972367580902,2.436252993169745
S569,960,4,39.56919784264058,84.16133867218508,289.46752630465767
S570,2166,2,32.95417162792602,33.4736223746957,108.15670248448444
S571,832,4,60.3211268389813,69.52922955218813,113.10598123035888
S572,1507,3,96.4574623094794,96.87252217466956,264.5547715588271
S573,2150,2,63.29024619684167,96.77630854836052,117.31904547944596
S574,1165,3,28.03001464642175,78.58665316770607,40.99961650031932
S575,1850,2,56.38505086287859,59.22270342503855,245.4165479268316
S576,1000,4,55.00991569974728,95.3004611486296,339.470969550402
S577,2390,1,20.964839636128357,79.76855210314035,294.8276044816051
S578,836,4,79.56568359959545,40.91415902449015,50.10448417068253
S579,2038,2,30.2832642510691,25.268168493109165,257.48510086779345
S580,504,4,78.9076763220063,7.396513558228845,209.6078469178813
S581,140,4,53.43674012021171,92.34957540064468,195.712273219492
S582,2391,1,79.07209170492592,35.95294930162599,39.3729930879433
S583,2076,2,24.82309688449028,66.46938871965469,232.91994527402557
S584,876,4,4.429669352784959,98.36082059519828,348.052008084698
S585,2409,1,33.1596702081835,79.62310644273127,3.797198202448788
S586,2184,2,25.873837040365544,51.06762405250447,160.48027854176644
S587,1960,2,39.11341686775028,77.2342232462432,124.18825953582656
S588,736,4,2.456265302576932,10.454935800606169,331.39711608158075
S589,2048,2,8.585479942015805,83.13177447071385,125.39831483573109
S590,240,4,34.30666808436261,78.42699975286969,125.38810678883276
S591,360,4,9.76230311257089,72.1993943279708,114.80741071837215
S592,2364,1,30.02640831819403,81.01859369186981,8.130641473120445
S593,2256,2,34.307794755674834,10.936268178477382,334.77208073589327
S594,1852,2,74.04894846969316,51.59939018968733,119.1562759991409
S595,120,4,42.63693836216823,46.20541574944224,226.71371479632435
S596,196,4,18.6386925283662,65.73079111586098,10.509218763260607
S597,36,4,61.41069373719198,19.732443578224636,139.98088092805455
S598,2329,1,70.47356159597345,20.578447936732196,207.84524587266696
S599,1558,3,79.95023568867097,53.688901057064406,117.35456817557466
S600,1024,4,45.75504222061855,26.23533954523609,189.97740706600177
S601,924,4,63.91085856661506,59.69708292829935,211.32169724347847
S602,1808,2,34.79246374367544,84.55178026695592,292.9457715339362
S603,2400,1,70.598836094598,29.74448346993519,241.9596294181138
S604,2338,1,31.318574486569798,23.857272643879057,65.89602659933406
S605,248,4,69.34365417164456,51.08248694871609,214.71329427981544
S606,1008,4,57.48060448744145,42.30387820732123,228.7805911411087
S607,2022,2,69.34329265293553,64.52600950799504,199.76852729969903
S608,1123,3,48.964202619220885,14.029653509779704,303.1146770891573
S609,2416,1,61.94099787891749,86.55222308564123,174.45921100044615
S610,208,4,19.51284916342492,38.394417586795306,147.28836541243493
S611,60,4,49.17258800240638,71.01423728457972,175.93182429828684
S612,1958,2,8.267062578646689,3.0860705643004804,105.1523674411344
S613,1948,2,27.4852918273534,53.76086182048194,281.0664710747875
S614,492,4,56.56504611858595,77.25476381623712,197.90142643369848
S615,1069,3,11.321099529202316,11.42066513589688,195.13561648234676
S616,264,4,75.6786242437441,76.00041308923083,196.68717889990725
S617,1936,2,98.97757278766832,10.241643887749827,107.17521663704171
S618,1555,3,99.93126692789076,44.97323428304137,310.3918651791087
S619,2330,1,8.698300599358898,86.52904703762955,279.2273939570785
S620,1120,3,23.694605536668124,81.07027168394102,309.9775306572871
S621,2008,2,61.02618026194768,42.81670612542451,282.54575158941054
S622,1393,3,81.35298654954337,80.54404933702783,191.62108705334816
S623,1105,3,59.6857685884599,16.837736460308438,104.1599676473797
S624,2345,1,26.734306627808014,85.80168449462576,48.81200631408329
S625,2515,1,75.00941364891159,41.15962231067471,357.2950412320828
S626,2236,2,86.70475904337785,12.688816861381024,89.88380709773033
S627,132,4,71.13948488391691,82.84818026986326,176.2051413296296
S628,412,4,57.74255293041615,26.871715208748597,135.0620380246417
S629,2352,1,7.551627333184896,79.45986306676647,145.02627838865556
S630,1465,3,74.980238287319,69.47036157275446,163.6904336667915
S631,2445,1,48.80444804377054,58.195554466898045,263.13549749533905
S632,1747,3,45.84492566797177,66.41438208318425,306.03824632465125
S633,124,4,79.56779266478453,39.771586818866375,296.945153148968
S634,1390,3,49.47149475554886,32.28651495899529,121.59185586148344
S635,232,4,57.79336402609515,56.614211091714026,283.7893152516057
S636,2266,1,89.4154658038556,76.22540224225018,35.846907089834104
S637,2420,1,78.38897618405683,45.95817626735669,334.59583512510784
S638,280,4,15.798351497416151,45.65181359699064,72.8345543030639
S639,1102,3,68.85918819115103,13.191308738401354,57.23188664609498
S640,1348,3,93.27255627259242,27.40194580952821,90.1401402776792
S641,2204,2,37.18437676467657,90.3800268835658,18.6434190175158
S642,2002,2,62.560427416495415,72.59883634704453,154.52313867192478
S643,2120,2,9.119918721689311,9.51836779794566,171.65041497392906
S644,956,4,13.26997920399866,22.619086145940603,3.343301139045658
S645,28,4,69.55971072880487,81.71090269132985,249.85116040395985
S646,2296,1,47.77002414377653,22.894686745904323,263.0748174350296
S647,1717,3,10.242717044950666,31.33514774409062,49.36654610767643
S648,1956,2,77.34604836506242,75.3157800991068,230.96741346611415
S649,2344,1,67.71370779190441,6.841160752257903,219.71492613857444
S650,2084,2,16.41165497906463,35.118771882677095,226.1088138027249
S651,620,4,15.137413084428095,41.17098943596781,309.586508856774
S652,2505,1,8.668803346598853,10.046511247763878,212.24661039414477
S653,1426,3,38.40319093431207,96.3248710553264,284.7875980313038
S654,2010,2,24.77863749635789,64.46205681878978,199.22278744250283
S655,2368,1,60.00078672258529,60.75930989155233,305.24115759838526
S656,2154,2,65.84053700851439,30.16493335771986,269.22371075324986
S657,2188,2,29.554205124206668,5.456913101525296,178.15957917957607
S658,2476,1,11.274366260380852,49.95825412726576,190.18314033702632
S659,1114,3,97.76969478433357,98.68825328431888,47.51383706377273
S660,1498,3,86.08140039367474,56.83803887729609,196.6882396180864
S661,2290,1,17.2770312150761,47.1014625984825,6.008184637508234
S662,2365,1,6.753256927276718,26.218527716206708,332.12854401594984
S663,1288,3,94.86799969471244,39.79750238851503,226.28545058180737
S664,364,4,50.10489655070751,41.54319943754019,29.674012292872515
S665,1657,3,53.65648160700154,61.6047055666748,30.09494656001388
S666,2024,2,7.902156197506704,92.0924858772736,193.100462240205
S667,2511,1,39.07315029683497,63.42942473532567,111.66101762297238
S668,1908,2,43.74860430505751,95.34279767160722,20.84613984832696
S669,300,4,8.621279839148933,43.44835886060191,220.42684599146
S670,1990,2,5.502861968644002,66.60795788593106,42.99948248683948
S671,2098,2,70.79006071180983,70.1499611223866,178.70865570817762
S672,1162,3,34.67051276788514,51.72228424473635,60.106663509257096
S673,1330,3,12.693060748112485,78.11239799369875,263.856901519815
S674,1108,3,11.805672028236302,89.9897426585527,290.55882479665314
S675,2307,1,27.198059502135376,6.387198912314807,178.61312481665013
S676,1890,2,51.07818794259719,5.54391108424216,132.36760002845222
S677,2492,1,25.51160810390781,10.29049150218696,82.22559233517038
S678,2297,1,50.88248849106469,4.403790726280954,88.03852212841323
S679,2156,2,47.17645895777382,38.29794743673991,64.4259361566426
S680,896,4,96.03421453944236,3.536357397485357,80.82551297432722
S681,1297,3,24.82631833572432,91.5854764880895,97.652864883534
S682,2380,1,7.788706996691197,37.28081667378613,64.56396609803004
S683,640,4,80.43380194587567,98.14138639414948,24.813517598188238
S684,1612,3,46.50941779168861,28.230687062090244,117.8283318214028
S685,2226,2,55.30913953240676,0.7969173557455522,104.97423263617176
S686,1798,2,78.45072172873415,73.9575986733418,167.01360860897975
S687,2026,2,59.169093498481615,49.336067585488486,263.686801226136
S688,2028,2,54.65592426097557,79.59735411787545,2.296037790649464
S689,1681,3,41.00361095660199,23.299774185974297,228.939062224676
S690,1399,3,69.34608062893048,0.95948200746645,0.5263345928079888
S691,1564,3,65.73038501759979,84.90059877789218,37.42164696656148
S692,52,4,52.98144890600125,23.816759452086565,346.02662191958893
S693,1744,3,97.25592359673922,14.23734852049684,33.48958980891176
S694,356,4,92.12744029721064,89.72874719314592,252.30488749152465
S695,2510,1,37.24919740740808,97.45547901682512,209.0774258554557
S696,24,4,50.542776386077584,63.721568003269205,26.938974358755896
S697,1896,2,56.782072828920825,43.49828784349853,85.23782450708273
S698,376,4,26.099093892361005,31.50089154097583,252.2612182757552
S699,1309,3,73.5352868782368,31.80577192661006,84.10004158979261
S700,2373,1,94.35546860300946,13.611184641671905,55.947798475897216
S701,272,4,16.43749806997682,46.60551124366618,43.465225345886005
S702,576,4,35.82874459373557,77.0336748716505,110.99077855650164
S703,2248,2,26.50079269147082,11.991355635539358,290.73488568499494
S704,2309,1,30.421498288502303,70.47048039501755,77.40748421052774
S705,2100,2,85.65732712134246,14.83237973690994,348.6240015034928
S706,1078,3,39.62444626797711,4.8950617590422745,93.6600453796406
S707,516,4,99.06766204079072,3.1082093358759555,307.65646966392114
S708,2485,1,55.59537615483882,55.01208920020806,166.335569595446
S709,2327,1,80.38967534438501,13.979303927312236,22.200906417772437
S710,2092,2,78.09599934709611,22.22881326877716,296.5224294678081
S711,2436,1,37.22397438159977,63.02975486038245,209.63656850906276
S712,2402,1,25.882065234652583,81.27470916136144,358.9781134069706
S713,2252,2,19.77503366954332,64.59868955867836,33.11230991652658
S714,2319,1,84.72754346531343,80.88872084882101,15.370674872555092
S715,556,4,46.09949220019407,16.798920872905644,295.80674455162216
S716,148,4,39.49986882219194,2.948229300029148,62.210596259084106
S717,1351,3,21.471610597002663,18.71511137111617,160.5641150327963
S718,1916,2,14.863140906877392,61.410657777768776,233.02022417066885
S719,144,4,49.8891609996499,88.27785741589118,21.9524648158234
S720,2208,2,27.977598743897136,13.72360171320648,231.35490922983664
S721,2293,1,79.71979418830131,24.9147755136746,356.1853016741522
S722,244,4,78.1915766845425,35.911210983756504,123.8522831243554
S723,1756,3,56.565111504788135,32.160441866801136,64.73371453123292
S724,1468,3,31.887756732937955,21.902018807309453,21.09284290012267
S725,2224,2,99.15313234305708,52.943229196543165,350.6327502240608
S726,1057,3,10.013433730495755,65.68644213762343,192.12824325161168
S727,2210,2,79.12372121010681,73.7060137509619,207.24915910319856
S728,2016,2,98.26646357580326,38.84225216120826,63.39613232879641
S729,1480,3,59.25195091814127,80.62102253593883,329.0328014862724
S730,2088,2,2.820656972715907,70.05608033514183,202.71920071104665
S731,916,4,18.82336649052563,98.8006210404643,195.1648565475576
S732,2362,1,17.555676766065076,3.796374120009971,83.74440890996607
S733,2356,1,21.880894169157727,52.64485141485109,119.42423768671324
S734,1741,3,61.41347676624683,80.64454133100028,258.0975477686938
S735,1066,3,91.8780787307206,84.42840864376507,21.44014662421226
S736,1862,2,14.771201898611464,70.46963417323242,278.7719395751611
S737,2439,1,84.64808875791347,86.06694665915508,134.49268083001436
S738,2421,1,94.19232134680416,39.55955623538543,121.1619856106896
S739,336,4,32.260320437291014,97.58606713824264,285.06330899995385
S740,1918,2,96.06621003687384,64.91802656448141,254.5858516450781
S741,1492,3,56.19773096856504,88.96002168122321,80.36539703303129
S742,1633,3,58.89501557831037,17.53516299902208,264.2381904114741
S743,2359,1,29.45172647189227,17.77082884969633,341.5637175196636
S744,2283,1,94.8698159849903,39.1601427277602,65.54943216487705
S745,2068,2,31.821691186009502,80.88069257701314,230.27283820210465
S746,1246,3,10.411023301398592,49.618505791309,268.3235981167137
S747,2000,2,23.799592514939693,98.23796549403568,229.0272372865326
S748,1240,3,96.30796245390624,82.16618054283099,160.78677627520577
S749,2371,1,26.521244056287617,24.95408631352788,126.17321828303378
S750,2387,1,78.70200060906603,72.04135879969684,138.93735526322757
S751,728,4,73.25844944987686,96.91018251056852,177.50951765058514
S752,2428,1,37.8712574774259,54.60239676784543,298.37051192385053
S753,1790,2,78.87299944762194,57.80554909331318,58.55634422945582
S754,1690,3,7.370938956137419,84.57624840245603,7.228079399005201
S755,1363,3,26.1127709982262,10.472504849881226,61.23787313442865
S756,2393,1,37.54578840799964,73.1985085271317,121.66221032925688
S757,2467,1,98.52761001411432,89.32261726464091,155.2764002925099
S758,816,4,65.36351752653509,60.731762565488566,56.55735983908227
S759,2234,2,10.125781097333563,20.555047671793712,147.3407516702325
S760,1060,3,55.41124323162294,92.55736003069131,237.81524137667049
S761,56,4,29.74006476815661,9.591592140224158,205.83713082878697
S762,1570,3,83.9854504845651,15.35899345167342,1.3736059810082946
S763,804,4,8.7628359306972,82.38973070831614,71.88292827394068
S764,1072,3,2.5735692731685744,17.083219169222307,351.74077055973555
S765,580,4,47.35706511420688,11.550892374182787,169.54000306185222
S766,940,4,89.48774834054713,26.500439711762127,66.55723939513702
S767,744,4,88.54926927495389,36.9401664931945,16.062092891235253
S768,1366,3,43.97404228527692,26.340080966235902,203.12877164922784
S769,2407,1,15.11306744235391,69.64709510465596,30.854632262370156
S770,2168,2,34.37913865460467,54.144900600602206,199.2966862168472
S771,168,4,84.07971664302505,81.84052148653736,347.62597346890857
S772,1930,2,68.70679323888868,93.6361435613218,171.4544211893287
S773,2377,1,7.895504977408319,90.2777201339154,180.75652931361773
S774,1986,2,90.04550614715919,80.04503367206857,43.30147491195598
S775,2194,2,75.71887556391934,17.287897280649446,349.97935620159245
S776,872,4,80.84607213193631,12.618599863853976,28.21266797021607
S777,1950,2,68.31254693522546,20.191927997223445,300.2789227233615
S778,2355,1,25.788635998777654,91.08044857315944,31.32987871554265
S779,1075,3,55.63642039697989,55.2054191575399,187.08774391514496
S780,348,4,91.7161910783248,1.236379732601811,40.506783345336174
S781,2513,1,14.964231959134144,56.65939270551065,332.9741400333385
S782,1132,3,56.26837594773225,10.099044282544869,312.2910963954631
S783,1333,3,88.01357846250323,87.78935626960548,137.89565023573903
S784,2384,1,48.55847922863307,60.89621519524352,61.99190213642336
S785,704,4,40.29739584315767,61.82444886017983,13.96171169344623
S786,2020,2,88.95742139142575,33.14940757342707,17.744751188680038
S787,1312,3,47.52181911530716,26.858435494476076,7.283839893577877
S788,1279,3,81.73859253052775,30.305495344809664,303.4247647001066
S789,2162,2,85.82347832335742,68.48520271347269,48.37878754863857
S790,1051,3,97.42194246033104,44.31106133314289,96.9911931631549
S791,1836,2,41.67727277053827,64.55548114276442,159.01797530129983
S792,104,4,91.34328054187404,40.717036084044565,273.4175862814524
S793,1988,2,86.71889705502257,82.10173923984603,23.62210834029549
S794,2321,1,70.95693983643895,40.33851410124437,62.54544816460338
S795,2325,1,87.51805561254167,20.072677610052136,89.81649407674055
S796,2242,2,45.64486671280806,91.80310693411164,98.6318994507692
S797,2281,1,82.35062916891161,50.51263749371638,245.2227697596159
S798,228,4,24.19380945896116,48.87867390665679,63.9301298989902
S799,1735,3,87.04807719184629,58.68802484224268,123.92964138735007
S800,2397,1,83.76537702567273,25.86599271667087,102.6249755165143
S801,1974,2,38.65656707409847,16.290740559862048,308.5600274777888
S802,1768,3,64.7379891761482,67.76952460909708,234.5714398281469
S803,2429,1,51.32812337581243,86.4629930111048,170.67499435056413
S804,2437,1,13.231409078368204,17.320065648214477,80.55721142039116
S805,1642,3,60.83438828966435,94.30049680580176,152.57044823746287
S806,1315,3,37.64754522710008,34.870919927208135,78.55525946625532
S807,840,4,30.2145091274352,52.06378983282358,210.4153761031654
S808,1303,3,0.7347572680664882,99.94293798681754,202.1245622116563
S809,2304,1,59.37725425440825,28.2676877815097,173.4258307738702
S810,1135,3,33.628365388781546,27.6483249966761,310.136976090659
S811,1675,3,26.11469079264969,71.10937755717917,67.80962924640285
S812,2501,1,51.72935855796514,24.030207767849443,289.9547361480707
S813,1327,3,80.23637444528116,60.003330114557166,245.07207013945745
S814,1600,3,72.12831975926106,65.54005704624416,93.39345817631602
S815,2405,1,41.85656860813416,38.82749210054583,209.88853286880868
S816,1369,3,99.47537300887883,81.6014701052868,261.5579555691253
S817,164,4,22.236319397626893,53.463510154421314,326.3495419818197
S818,1796,2,67.18684759624088,50.731485560681534,302.629930054704
S819,2404,1,87.64947843421105,18.11358578040008,169.4811141942433
S820,1954,2,74.09188915688681,72.51866371061195,340.8924168698225
S821,2006,2,89.9591157850865,65.44346443511532,127.90202260313966
S822,1294,3,74.4209929342808,30.70852713322085,133.80567471535
S823,2435,1,58.557069520690376,46.37606281877599,169.39316436144486
S824,2286,1,86.63933696925396,58.35746197425805,169.99908566618993
S825,1012,4,19.454380497692057,11.981593718750585,190.74186166679908
S826,2182,2,41.31072540138808,87.08491463530046,49.45149330232461
S827,572,4,20.02965907951435,40.91918467521041,51.56069482786985
S828,2491,1,86.2393943337116,18.035676910684384,175.52910446931867
S829,2372,1,63.10327722626952,17.682426656346074,1.6968605126377856
S830,1970,2,27.35278622014996,76.11932812149992,207.46040966521312
S831,2424,1,15.843511737567994,78.5210905697712,46.58614472458292
S832,656,4,43.37114142886366,42.94097230091205,347.5180224468119
S833,2200,2,38.33164200534607,3.772531847493799,263.0372653478124
S834,2082,2,95.0068615481832,89.20063921974088,6.449805227140568
S835,1868,2,0.4123833974353341,73.3603240913325,249.66890898134295
S836,676,4,34.43497740633209,12.893080042830274,181.20113232673293
S837,2389,1,30.611509209141275,6.52870224702643,107.35281125788995
S838,1189,3,29.08277918094866,72.78319114468128,156.11948281281184
S839,612,4,68.67801546713143,13.378943013200784,129.33031909198766
S840,400,4,18.842603389086943,94.80843537069428,6.884903924394989
S841,2174,2,22.432136332369456,98.48795244932604,264.2675829521475
S842,1456,3,58.96928347992416,16.898474189014713,255.9996324345062
S843,1264,3,79.21271550458926,37.519243267583946,277.6498788036707
S844,2350,1,62.31347773118835,59.39240678748505,238.30916970164208
S845,2337,1,65.35676184007527,1.9741766514145165,150.0392034646358
S846,892,4,38.02537629276146,54.72823847289256,252.67255734745973
S847,2353,1,20.54949156581761,68.574002854758,108.40192371244522
S848,1258,3,66.16645760907221,66.24829658888967,224.20719964823397
S849,2430,1,70.0726346203413,41.88257517714256,184.17052312758443
S850,2434,1,61.76979550550473,28.270676817009253,179.18606274957057
S851,2170,2,60.90018093567296,77.79589165970229,128.85186115829072
S852,604,4,40.9756230528289,16.037359863076883,327.7283858863252
S853,1906,2,68.82039154553736,48.06639427736671,0.9856796606613694
S854,88,4,67.16331324652049,90.6880044269792,53.6920173600358
S855,2427,1,9.008267357592448,51.170534696465886,325.72057822436955
S856,1432,3,64.43367915686986,45.67512347449804,95.08500819757468
S857,2270,1,5.008019581294732,81.31784139178826,306.80952686521545
S858,200,4,36.02146640538878,67.67665320091479,265.87447048518345
S859,2287,1,9.499847033058028,75.82040048412382,3.4820379817451386
S860,1687,3,13.83944426726924,64.71986261793396,128.70986552558796
S861,2488,1,43.77145167819347,62.18070333325072,134.14397517880158
S862,912,4,34.272272276036006,11.38319999037497,346.43157485391146
S863,288,4,27.18330907501901,38.57154897593142,287.963674901622
S864,2473,1,64.88464838722638,79.6909557035407,47.70416744516159
S865,1814,2,72.64111120898006,98.15691705231887,37.336718065813
S866,392,4,91.12267612721791,48.26748505403457,65.25380179342876
S867,2294,1,37.97507791158876,35.85989148270966,310.52727882867373
S868,2030,2,87.99502465019857,72.72786347079617,173.90867629157955
S869,980,4,48.81227769921532,88.75939280635436,16.550037136681198
S870,2126,2,26.161286722848985,31.42379448738709,352.04240071828747
S871,2303,1,66.98443582143155,33.83006417684232,155.82524655920844
S872,668,4,72.66519684238507,48.19296773206404,53.51560281255754
S873,2446,1,82.64378201838153,89.20618816300602,4.192152258929109
S874,720,4,93.4371420420165,50.55675718847332,306.67361452058384
S875,752,4,86.9415634612768,7.486524247698478,115.42817359209846
S876,1882,2,33.089484252143684,27.81571302589082,198.17840510304444
S877,2462,1,37.86375925189032,81.71033057197928,165.27405410936467
S878,108,4,80.12612877267222,44.809858566537386,160.9445231689673
S879,2458,1,11.870685205363284,49.7373348066501,36.95159573285488
S880,2342,1,41.23385476755495,55.71310114048331,297.32715303243987
S881,1762,3,79.1783285172308,96.31712482800047,320.43992357702245
S882,480,4,56.23325720939878,65.45959835609374,342.12784679761165
S883,1942,2,36.3342477569811,5.427521330556784,303.95427825753086
S884,268,4,33.19726255547317,76.74163998645392,257.99690452650333
S885,2269,1,36.3294547169756,45.25324561746669,273.3551823884821
S886,1591,3,22.174710782019,34.13571145768387,197.16860940988832
S887,2144,2,37.38903604604009,10.63222292496122,177.27197118522008
S888,216,4,82.18386599187262,74.2510890376263,38.50614198702684
S889,1016,4,61.08517661386838,18.75434005316033,77.61222157282054
S890,1537,3,82.45541437076062,19.05787640570693,38.79566902349712
S891,2431,1,41.44703451283303,92.66265305373108,277.9722625094024
S892,1804,2,45.05045969589641,65.84566950002026,346.9877122311168
S893,192,4,0.4337627666922916,73.62139303130776,301.97379984440994
S894,2040,2,48.29319635359263,50.83328990718833,249.0543765446512
S895,2385,1,17.365027018259948,81.52441540984941,139.46600851943975
S896,528,4,60.05460218054112,88.2695863558678,150.71930850014294
S897,2160,2,60.8993693559693,69.25155353723068,98.49451678420004
S898,380,4,96.35935376797526,97.04916499121006,289.72685909281563
S899,1117,3,13.81800056453456,60.25244496763816,303.506795261338
S900,1902,2,54.78059713595177,31.39107950916465,72.32006963712399
S901,1441,3,62.41675892053882,29.057949547925062,331.6290351901541
S902,1854,2,13.26717285911403,71.03964436805722,181.4016380555699
S903,2333,1,69.43119737273264,32.23813974138552,273.879008939904
S904,404,4,56.22802114514255,58.28062710958584,242.72765479410245
S905,156,4,89.386600137792,53.390280370360585,290.9897205576105
S906,1802,2,52.27299862092024,2.527214125447208,19.10339982279764
S907,1866,2,5.660477429555666,26.69782694442944,354.07166170464154
S908,2496,1,68.3390328664787,14.642839014069596,248.6141461310436
S909,2289,1,29.5140565961606,75.3593948045165,129.1256774444091
S910,2178,2,45.25945045238733,61.61088337602866,267.2685849142298
S911,1483,3,56.12705527908106,23.75954725662045,249.4569870771295
S912,20,4,4.697988127533204,38.15826280977923,344.4127092042576
S913,2378,1,97.58227220561264,31.26539808946341,4.667485562869791
S914,964,4,25.13411283723057,62.0561695611849,298.794053503852
S915,1561,3,91.14863770737388,70.46290688927877,271.83877387507795
S916,1972,2,54.66151367012413,60.33869772886416,105.90397984961696
S917,2190,2,17.742589848826317,68.26588517015352,346.4910896313656
S918,2425,1,73.50794860262188,11.935381127296552,154.26281318426433
S919,1579,3,55.659862059533296,13.006653011537228,2.0322489664152465
S920,2395,1,46.63313382095791,93.74944504708476,55.33321808506671
S921,1543,3,32.263002989352,5.085544119522679,176.5983388153236
S922,1588,3,57.26769905549301,35.80855881637394,189.14222418655692
S923,1952,2,95.69877176275035,52.060628733170375,149.7352477573518
S924,1904,2,53.70359525339087,9.194555393906644,318.02282599216227
S925,1420,3,66.3334476440277,33.10665366113024,78.6403028824253
S926,2316,1,75.26556895545168,53.04988956068246,41.29990250481549
S927,2136,2,34.60072908227685,24.03478764332566,345.20285378661606
S928,2406,1,68.25513607685279,32.09370105070815,138.9153365222558
S929,1186,3,54.02373129425615,28.282899427939743,185.1512623504849
S930,1090,3,50.87355930027135,48.68047091651832,323.3813792061072
S931,2386,1,19.25123879336771,51.38947001274335,60.262131316858174
S932,2512,1,95.62762064733992,53.797483096425104,225.69590735115
S933,2130,2,21.0781474935525,62.95144839106669,311.38230805654723
S934,484,4,42.42094519411405,10.392680917367016,232.76201735460432
S935,1856,2,93.97511115083137,74.68908256742621,8.551060597010554
S936,2441,1,71.6868283835913,3.788631474614812,19.536505520918773
S937,2192,2,79.42147869758904,55.80842053178108,327.9551667952035
S938,764,4,40.7632778495793,45.112566374404174,155.88901247013752
S939,2490,1,1.6890968304141274,67.32987323277128,230.91218873339028
S940,2278,1,61.83493589106022,75.59605966951774,252.31753129788075
S941,2451,1,7.2589444798977105,92.8047750166334,104.34117558062884
S942,1723,3,68.58786590497992,60.65658411868306,275.4987267673665
S943,2375,1,43.7676149468225,39.51132582286176,170.63556385246252
S944,324,4,53.34677638103494,13.63814603295468,286.8373573354964
S945,2222,2,84.94674380550121,29.497846931319128,107.3003411577944
S946,1357,3,88.69781189722487,96.53653934226716,344.6609936789232
S947,2104,2,1.1150207769305864,87.47669276227784,44.36465721605964
S948,2459,1,0.5029839074005116,59.66548874533303,109.68881484582302
S949,1150,3,74.82965867327934,90.35463759745458,76.22529945191455
S950,1810,2,90.56280303443334,85.14588513415508,57.94356872318221
S951,1984,2,22.0787969357408,83.47483668680621,41.264115164346045
S952,2494,1,67.09779113505783,56.72926444728012,306.4995800731707
S953,312,4,93.23698654031486,99.43130504254334,232.0828249892537
S954,1345,3,7.314457215855019,67.16852491152491,35.352864496933904
S955,1648,3,72.55892573341403,48.719041013374856,128.56980924425608
S956,1660,3,67.1295565780051,23.45328487459202,223.0256797755599
S957,40,4,90.01185908429218,31.778593723372538,118.20458815904912
S958,1888,2,65.94222508793732,69.34581293476367,203.59872284583955
S959,352,4,36.449343567862925,31.633315949632912,60.710223926152864
S960,564,4,31.32147807342941,78.56601120645233,99.60474060803368
S961,1534,3,35.94859997503893,67.95801798475742,316.03889862286616
S962,1522,3,46.28483760756102,35.87416021135967,175.3096976772089
S963,2514,1,10.88326362950366,64.55516040818964,303.0454783217738
S964,1884,2,85.87136553707992,14.00016687161999,94.76447421369
S965,2460,1,88.63358320788956,7.646237855721538,321.157866468332
S966,552,4,84.95872729061418,63.1626494461255,276.9120917649051
S967,1198,3,21.276068617629683,3.6656309303596535,195.64895661052267
S968,2134,2,99.87281750118515,47.21039507829259,131.69470683708343
S969,1615,3,22.330664762435504,77.21448435604627,48.19725340077584
S970,1096,3,50.11231713772714,9.055402425516512,180.7802170799151
S971,2254,2,66.26784893786967,84.79818401038666,272.59418565846386
S972,1910,2,14.037069265708658,15.92224179144589,264.9311311805368
S973,2198,2,48.35034157274309,35.879553884580595,274.1300560202537
S974,1786,2,23.17499076043156,26.435711510058624,15.411038701912876
S975,1276,3,20.677407471750097,90.77260925729608,139.71351958127855
S976,2474,1,91.7901944031145,88.1551981318276,353.01232154271685
S977,1720,3,32.40711100639776,70.37362528476223,300.55401583826165
S978,1840,2,26.33160693841534,54.43500620883714,135.597445035898
S979,2411,1,37.85185170568285,58.76788247625272,185.99864311941792
S980,948,4,37.63287810435452,90.72424264468196,127.04328279350123
S981,128,4,86.77194218712472,48.68615626741756,319.38189966616
S982,8,4,0.6597686572648365,88.20342431885622,59.61809607443717
S983,1892,2,7.708822574124685,64.34770023883097,54.0865468031618
S984,2480,1,15.73573526905696,60.20202764667771,237.99947144780063
S985,2277,1,41.46136850951062,33.02247652430509,173.345993780215
S986,1886,2,47.88146427200821,21.070395105176345,233.0133242905989
S987,2142,2,41.08992071632001,24.36703074212695,206.45514408681657
S988,2484,1,16.1129140367538,62.954042488815496,320.687161728866
S989,1820,2,14.68651000850797,16.634136630788177,185.9906493497327
S990,2443,1,40.5456316466313,96.9243687120115,316.26323386309315
S991,2497,1,72.7974315447696,82.13033101220027,77.97363044107861
S992,632,4,60.65258979259119,47.14134549148559,61.40404223629066
S993,1794,2,83.03635747042807,60.08387144112001,224.35622600818837
S994,1474,3,51.080490845829765,16.772170159359867,332.04670014418105
S995,396,4,59.65333624973594,6.884289704124469,138.76627778706512
S996,256,4,10.85701139015155,20.23485490881751,297.5451068121346
S997,2464,1,60.55110178612067,17.742218431732937,315.9909495874685
S998,2489,1,53.14299501726717,75.23831510358781,173.60673664049312
S999,2507,1,13.032884077716432,60.347465082471054,322.9088230251114
S1000,176,4,77.48704230678032,64.92317351065338,133.33588208956084
