station_id,x_coord,y_coord,bandwidth,azimuth
S1,63.942679845788376,2.5010755222666936,3,88.16106736925144
S2,13.95379285251439,10.24951761715075,1,212.57730448165427
S3,3.1782679481783593,9.369523986159244,2,181.92790371721046
S4,2.6535969683863625,19.88376506866485,4,79.35862393465081
S5,58.92656838759087,80.94304566778267,1,273.1706521667162
S6,15.965931637689012,42.26143981535026,3,55.97261993224136
S7,95.72130722067811,33.65945451126267,1,136.77382822944145
S8,35.89793804846284,34.39557224789711,3,290.5661783787769
S9,72.9731786693818,53.62280914547007,4,28.368071308244943
S10,29.317828140709288,62.863979949444335,3,207.84677229243434
S11,70.45718362149235,4.5824383655662215,2,278.3046026839291
S12,98.52215206607578,85.53177210151469,1,136.8454410140998
S13,45.34103023684355,83.41104266407503,2,133.26514816207776
S14,20.95070307714877,26.697782204911334,1,219.28716204011576
S15,17.1138648198097,72.91267979503492,2,166.41367626640167
S16,26.994782678427796,92.53911796212178,2,246.46113035635486
S17,84.28519201898096,77.59999115462448,2,295.848933842451
S18,80.50458007712143,40.1164787022329,1,75.95382369107753
S19,94.29097143350545,87.63676264726689,3,76.54555585949062
S20,49.92312594922773,88.46831538867025,4,51.433772559142554
S21,13.963031952550631,74.49889820916066,3,268.9249721948128
S22,42.84338272945797,58.35329249456562,3,78.955473296622
S23,99.75376064951102,50.95262936764645,1,272.0815767121456
S24,86.11029096666658,15.284131934826107,2,285.1485711706671
S25,42.215996679968406,6.352770615195713,4,214.5198342100061
S26,46.804988778467724,25.14141199818132,1,244.90202769234665
S27,11.455174298368664,88.4788450129109,3,276.69554375668054
S28,34.01754730310452,29.350012864742613,2,163.34053427851433
S29,95.38159275210802,87.58529403781941,3,349.87971559324114
S30,76.19621990520646,50.76816746043252,1,313.38668514123606
S31,29.84447914486329,63.89494948660052,2,55.02213667786853
S32,76.25108000751513,53.937903011962575,1,215.62005040568243
S33,48.860570802894784,11.186772532089506,3,316.3398760163463
S34,83.16655293611794,30.751412540266145,1,86.71377328100392
S35,56.735694368891,7.875704829136609,4,293.76837123123187
S36,97.79844936773343,53.27061695295156,2,46.22092721991461
S37,47.52823780987313,54.98035934949439,3,189.96256347057144
S38,60.65939174826289,96.43629060074552,2,256.66163021488387
S39,39.899229999742914,67.16869596382831,3,157.71603020922146
S40,51.75758410355906,12.100419586826572,2,23.04932267748417
S41,2.103426000705888,55.39215224244798,2,2.588702034633674
S42,70.7840946548454,5.88737668763234,1,325.9512046822061
S43,85.96354002537466,7.085734988865344,2,100.25181502723692
S44,48.54144991504907,53.923393139475465,4,87.47900726246083
S45,47.29729429445937,40.70599614859366,1,34.895093122376394
S46,43.10511824063775,42.35786230199208,4,310.9812294130572
S47,5.417118723217051,65.34554882657916,1,21.820562667724914
S48,72.82135884411827,80.05925108616988,1,89.51628021130283
S49,19.02089084408115,44.86135478331319,4,66.05569288340398
S50,46.26280684009674,87.448595407058,1,159.5270682192445
S51,86.13491047618305,55.0325312449848,1,234.77216183946794
S52,54.0587938100305,1.4757856495650534,1,333.49211388292593
S53,84.86957344143055,16.6311110603914,4,173.28903046957421
S54,86.46503940302155,90.24428655105487,2,136.4303228316898
S55,98.5308843779726,26.520305817215196,4,102.6897224208913
S56,69.65915036001626,73.05053174154659,4,55.72685709866309
S57,29.67078254945642,96.87093649691589,1,269.27120173646307
S58,5.716527290748308,58.41775944589712,2,20.476648702326425
S59,50.782849699341845,85.13425453441215,1,214.21263832200995
S60,67.52125536040901,23.52038950009312,1,338.9746058024722
S61,56.96754101381849,57.891905750721065,1,222.97734371955713
S62,41.92249153358725,58.367228929122476,3,336.4942527851138
S63,20.425919942353644,71.61918007894148,2,95.62122451128738
S64,13.087828212745645,64.55007888376495,4,113.82379065786745
S65,75.18644924144022,7.254311449315731,4,223.6173319775134
S66,56.299364563894606,9.998124892458849,2,182.11848985755552
S67,13.24565703664673,34.900883496451506,1,316.5372872944354
S68,36.9527088738884,15.774683235723197,3,220.20399566134205
S69,98.72330636315043,65.39763177107326,1,240.43075333653007
S70,55.46022824896778,93.17560394360774,1,338.0148014137574
S71,13.429111439336772,11.54286704191022,1,267.2700062331595
S72,15.544790977499046,28.175627145789427,2,258.34038736996723
S73,20.359731232745293,63.423795888507975,3,181.9472609152754
S74,25.11212520698941,90.81590462185719,1,33.227448376584036
S75,42.357577256372636,27.668022397225165,1,120.08035389783174
S76,13.081966070170225,97.9797953828836,2,266.8431270052551
S77,55.16804211263913,42.768691898067935,1,40.274597012160605
S78,94.50509390466391,69.10196237558765,2,196.41250411398804
S79,83.45950198860167,58.250956648979404,2,154.72321663707783
S80,4.1828858168857845,36.465151532725606,1,323.61286914953087
S81,21.007653833975404,24.952973922292443,1,127.3243084612626
S82,55.98835191438697,87.47127235410912,2,333.2749761250404
S83,23.673733222935866,16.250176710043863,2,317.3098336787968
S84,2.4786361898188725,73.6564471755082,3,281.6591386131474
S85,41.171316655155366,66.99071292881968,2,96.05005545400994
S86,78.73745091354711,10.809562640295711,1,309.0935704816014
S87,22.243371754566443,81.65866055969289,4,125.87703280053071
S88,82.0536380971562,87.13230358630082,2,8.519196492522546
S89,19.312978832770867,32.82619511977065,1,348.08007745741
S90,27.91249927218714,64.14817386076277,4,244.62652260969492
S91,84.36611632720808,33.11498682144071,1,41.52303066651393
S92,97.0400611022228,17.856781617246366,3,13.77259104717458
S93,59.65712549877446,34.56871116798003,3,157.10179819341886
S94,98.423584931659,11.564578402933046,2,91.7001022098895
S95,70.87852838341706,0.16912782186294661,2,131.1197298412551
S96,6.997381112631018,66.42376849112723,3,224.3359475807073
S97,66.33874762655442,12.462531566436773,3,182.5641014526969
S98,66.68929041057297,32.61829048573999,3,199.58849196004573
S99,19.184009299014747,66.49294342127715,4,243.83446029818384
S100,90.28055457325827,61.55149159513805,3,146.18706075293863
S101,83.37251693040575,30.38749492683538,2,154.75973399634046
S102,57.9984781195682,65.47056237030716,4,159.04296606166307
S103,67.56272331900999,51.11739968745871,2,237.18626819943185
S104,28.378640499302744,66.38538363049987,3,33.619392027202565
S105,95.19996624524752,23.486859852668395,3,80.87063975902377
S106,19.912993272657665,2.442538772682634,2,354.2169682014665
S107,61.12739730606801,76.84893390001969,4,149.19876395917896
S108,62.97653807377137,19.44352367397093,4,177.9757808437573
S109,24.398443957843885,65.60580111117841,1,321.35753743609195
S110,86.04405654225214,88.5465205509866,4,78.78280925243499
S111,80.4109856173143,69.59117764082383,4,18.07861865063073
S112,24.919827965997165,84.83363473516597,4,48.002078000530396
S113,46.46432374982366,53.113188585558866,3,342.0142590395361
S114,89.1425925810437,61.265232276176285,4,299.0049010997094
S115,54.78719506108284,89.72081032332622,4,162.02511260888693
S116,75.17767865005115,83.98628878419207,3,275.69292634697956
S117,52.12998128279821,62.67484369817813,3,158.35413357536495
S118,71.35448626110565,23.449357801463535,3,115.09544463075443
S119,54.01522225184564,13.837406151615571,2,137.89270527528174
S120,15.280526657714798,21.395287710598744,4,146.7357730799712
S121,54.261114050391534,41.577423410315596,2,299.84082096257555
S122,38.947681266694126,76.97957723146632,1,308.42353162941635
S123,76.55945761180695,38.038102892771164,1,339.38699667627486
S124,29.861265237238342,38.998664806371885,4,193.75940433968336
S125,73.46340607563577,79.98681709412678,2,175.76261191809016
S126,27.293531176325658,48.56419937985004,4,121.00663573141767
S127,67.91418850283497,40.431666913763706,2,302.5820387025211
S128,91.9541620668976,98.07219775189232,1,326.4943905312366
S129,59.18927756279109,66.29997568361613,1,231.38987328336088
S130,13.569948723056424,46.169844405151174,1,93.6562730109497
S131,32.735266694173426,45.469932501648216,3,274.04269484184977
S132,37.912621556413626,75.20098235547849,4,90.81775144165701
S133,8.190623276164255,1.938328705001069,1,359.9668182633153
S134,34.99603437201839,65.0144093249875,1,271.5239534614294
S135,94.96117327159888,19.93606823625329,1,223.68083637101682
S136,23.854494188890584,47.356106094612805,1,203.02904949480688
S137,21.796454090650364,69.94649712461508,3,60.40409161240881
S138,60.72474938909317,74.79256519552858,1,280.00507902315576
S139,16.376581016719914,31.103891959859986,1,334.39938062656375
S140,57.57967284124141,90.80261510474446,4,142.79559894598583
S141,71.50147050494684,7.599647784305996,2,36.68446996055155
S142,77.2480884951224,85.02932390887963,1,286.6417979760763
S143,56.59325553673159,4.106913020613612,4,238.14768264744814
S144,6.895673651964051,64.75432540568052,1,305.84722571984787
S145,82.23309180900581,10.55388706439986,3,228.81063819652053
S146,82.87073110024582,70.73086437060769,4,63.40930599098137
S147,52.17467469384799,65.04574140167414,4,167.35455778842282
S148,82.57345984207556,59.24746190637017,3,306.6167376069595
S149,83.07310188906034,8.66628980556744,4,87.79083810874415
S150,46.470846660323176,61.03317042305206,4,121.10278316089509
S151,49.4306503615922,32.50141678887595,4,76.36314606470604
S152,79.78323568280965,34.03388431642836,3,200.08477005105016
S153,51.66272517149342,19.105642352709886,2,259.2268790775099
S154,48.85778468487874,75.81646534824664,4,232.5250439067428
S155,49.082133507858615,79.29328681323175,1,105.92480927537903
S156,40.44011286779281,24.330516387675715,3,170.37377595342892
S157,53.09219311457678,42.55038127052148,3,126.65178994110059
S158,45.37452628531785,30.662299134883042,2,43.4361185108301
S159,19.25842934515174,11.955474125505283,2,68.9547502837961
S160,73.86046535089507,27.649962696868926,3,352.9838269665047
S161,83.2628363327068,29.624646326514448,3,64.5989557267452
S162,1.4148367256063832,53.413508926766326,3,16.385652353958598
S163,5.452602023898779,29.213664455277755,2,229.63307583813392
S164,75.27921757912537,10.258764678776068,1,206.6631190654796
S165,46.93969449305102,44.046879813601024,2,347.57915152978615
S166,25.247839049297262,86.17229646275132,1,295.96163230779496
S167,40.07074422519398,7.408217025563979,1,54.62172250234431
S168,81.11420762750475,94.91256423580312,1,357.8105241756793
S169,11.845156221146159,76.44434453261943,2,279.24967429135825
S170,38.037802614654936,90.85043776238038,3,309.65999969742484
S171,99.0031260466798,30.53802443193604,1,219.4671284082469
S172,74.0089305484545,94.7590200325378,2,225.18541094637715
S173,26.464612529000743,8.11874654669843,2,62.57287739751641
S174,7.5064868901167925,0.2675722602885733,4,248.17360888251682
S175,46.991247900768585,3.2639855380924288,3,254.50409875645198
S176,70.29875580937171,45.40313264070433,2,332.6079760137175
S177,78.78280266467314,62.505800716422186,2,153.05002779751618
S178,54.456237871057866,64.76347234024807,3,297.5872174740215
S179,7.140983685581414,16.592278922072467,3,214.2158534349857
S180,82.42403013200092,92.11925289676381,4,44.767316942894965
S181,68.86779912120937,69.97336849757173,3,180.1699837624532
S182,49.37952193450843,8.044185189930097,1,320.1922401452833
S183,73.45339232856153,60.371364094591065,1,32.877679187154676
S184,96.19111021928367,83.59586139061813,1,359.8460700758825
S185,67.22815843032393,26.95110259670539,1,274.71924150181394
S186,17.519072793797264,51.89638409876039,4,329.7862036536363
S187,18.148914722312593,58.532962527785436,4,348.85988498365333
S188,47.00103949603517,40.83480934300153,3,241.24806342762676
S189,85.77330944003526,32.98036635789654,4,103.75840633012407
S190,94.51935395632105,81.35660347379726,1,163.7373270966226
S191,31.451715717016793,32.327378627599465,4,311.36781025867646
S192,82.4927203268701,0.11510674481122196,4,148.76912548775573
S193,18.758254139452713,36.177935915167524,4,225.14714717220323
S194,75.9990536061017,20.355823835027387,2,333.9621939040012
S195,43.811609507237826,69.82500291221723,1,10.392999278998762
S196,63.00222770040605,79.93137332744706,2,111.87004982160063
S197,1.3674464466060687,40.79906872899025,2,357.2125701822791
S198,91.2929878484168,46.14478941787834,1,233.1754879621531
S199,15.397112442832805,93.26530599341044,3,183.19392542502422
S200,27.34248967132742,83.47239455766943,4,87.74312618704981
S201,55.12650768804696,38.35860132471499,2,311.04969639429174
S202,27.624740282204097,79.00061820031135,4,122.35508752114639
S203,78.77174057642942,26.71726630669048,1,101.82203398181758
S204,29.85558497717672,58.693772241416106,4,311.49381409208735
S205,44.65473930431945,48.434138555172034,3,198.69027014549195
S206,54.343006295867305,45.534461686650104,3,313.05660596426463
S207,98.07746313325943,23.880554416624932,4,84.08248058084152
S208,77.55444750992588,4.364729909730192,4,253.8820371690009
S209,81.14089025648768,38.607875249098235,2,178.3183138619125
S210,3.7019611345576187,50.229115013296585,3,313.09211281039757
S211,87.41903740543083,44.03062097706771,4,5.525135249493829
S212,14.415541596694748,87.09329713492193,2,26.938169367735174
S213,78.15252912730249,26.50227795434089,4,233.94119492853812
S214,85.17652923506914,85.23413365658931,4,343.4902533441634
S215,62.67991790079878,88.74386829093233,4,314.05788626347305
S216,3.5899099837686577,6.8420747181551445,3,359.07333226423754
S217,74.6766366737927,43.397147192312566,1,273.73308947793555
S218,70.38908293290379,10.050724032281744,2,249.84041860556442
S219,90.3424062050486,4.599096867721276,1,105.61239934747516
S220,37.484108977531484,14.556979569939843,4,203.73410228973725
S221,79.25194738809532,16.998364906809737,1,219.41704327987324
S222,38.25442986168739,68.31345799627138,4,328.6184457684797
S223,14.311772012850966,46.11499133549975,3,165.44537970362316
S224,66.68407172664807,89.8908531700321,4,324.4353924955979
S225,67.76108856990794,15.797562207178695,4,340.2848285764726
S226,98.76516952184714,29.91542491237722,4,248.51286448564647
S227,45.68358126677865,30.21216705383136,4,307.2007651176669
S228,10.665326742236092,38.136429765762905,3,206.9322948643122
S229,99.26920436268975,29.523075388326937,4,98.81293686416198
S230,56.5929016955699,68.57994927340121,1,327.8221033387358
S231,74.51721541339701,83.28388996731884,3,279.2667526572171
S232,23.01183909704163,80.19319575452876,2,229.1824360821211
S233,62.08911631303041,67.77644586233595,2,226.1693173272834
S234,90.34037040729679,64.63406088905228,3,283.8997742436554
S235,3.3364531245632434,36.48612330284698,2,32.44801526863882
S236,29.51104516291553,74.74808649383715,2,72.28612607402744
S237,78.65128110305052,87.64605967066406,3,191.1068545330026
S238,91.34869744816969,83.04726195673973,3,329.05762327379233
S239,94.41878160971986,96.73840761668122,3,268.7613662581362
S240,33.87152538018863,11.516970744975941,1,50.67252540211776
S241,96.6500209462752,86.01405968988219,4,348.21710902801163
S242,80.45876440205619,36.577504940556636,4,5.010715836324424
S243,53.65723082690591,45.478602773387465,3,210.44163299477978
S244,82.24173012267742,94.02918917795542,1,242.9411599351159
S245,47.14768679814386,61.95468670445295,3,329.4921271475374
S246,22.136720007399003,6.321704116019545,4,327.37954983404114
S247,30.219017452925023,40.82958557954127,2,16.32485196481756
S248,3.721212822470499,99.59273747550294,1,34.989119503855775
S249,88.72593085285023,13.566404870633653,4,133.5641455752778
S250,94.93807684119055,69.64839916376329,4,211.4425243974987
S251,72.65991505572416,88.54137838995794,1,300.12950998667577
S252,61.565221405115636,93.90530657136553,3,11.777863267816887
S253,37.05299587344354,44.338308606070164,2,307.96206959014364
S254,9.935462460613032,68.56802654812853,3,21.798032099979153
S255,27.588144086158685,96.82068759363868,4,33.00243257430751
S256,21.21058154233132,63.94929185297038,1,18.20826383863428
S257,33.3509156432516,98.88209039414218,2,24.699655016768123
S258,76.51573758885844,20.71573703466585,2,292.69907320358124
S259,23.299867904603143,77.436857780482,1,99.81894455124586
S260,98.40281318477389,98.75273043661723,3,287.4649764807445
S261,10.992634788943557,86.6447888506801,2,5.349717803055185
S262,78.99846642347539,23.793160609046303,3,5.6811900640176916
S263,26.536750832497336,12.675854371278028,4,189.39078957523216
S264,74.56652750339957,47.62459654232502,3,184.765664739309
S265,10.90540100038455,50.383868978582136,1,261.8074789789447
S266,90.87516879065402,65.89030736792922,3,164.89530795516552
S267,96.40261831220288,6.082540749450582,4,305.0274755402074
S268,42.627361927999175,10.796182967922718,4,26.45665767592218
S269,8.079047741079194,60.829742363343996,1,45.42897178982018
S270,62.43174942812079,58.53646885481211,3,137.12558357466747
S271,59.73918551993134,29.489774594988983,4,35.70424620445512
S272,70.17794185460662,85.2792737295575,2,154.8251789998991
S273,88.8091021988493,41.381357117691344,4,143.5428663325032
S274,72.96125076345044,31.2548349997133,3,239.4388307017112
S275,37.430102343553685,15.263892476872376,4,24.16799092919319
S276,83.17718884748545,9.323010170367741,1,268.05202890907645
S277,37.26468593759036,13.011545357384335,1,211.1274297862117
S278,56.15864139920724,32.964598141620506,1,147.89110785197695
S279,87.36073722343185,94.11298688522297,4,312.5131735928634
S280,72.10606787461494,96.83986253114745,3,126.59262684953363
S281,57.79185183898549,21.27388056720061,4,80.7281528787236
S282,10.821838192726663,84.5373418601345,3,41.35871287091094
S283,27.85682124949992,22.615909432784743,4,304.2558580782089
S284,97.45466021257081,81.84268595406697,1,219.23816959910351
S285,65.78312279988884,69.34711878556588,1,64.94978590590759
S286,70.26987728656047,30.898468882991015,3,126.36843146531345
S287,18.140555821256864,14.32514903420291,4,25.05075164940112
S288,74.09690591184199,97.1810318758019,1,268.6002343220544
S289,21.513288003351093,41.98324937645032,3,56.66733930423192
S290,31.163736970421642,32.43828920784265,1,318.0031864266036
S291,15.557990340448836,75.44358791249854,1,242.6287358207207
S292,27.210284354621894,66.19386928082612,4,218.54736267876555
S293,41.41837378827247,21.556896533774683,1,124.26222797311027
S294,11.088977220093055,67.82178929335345,4,189.69627857333214
S295,30.841939185125643,22.05184355025246,1,2.767350923957834
S296,30.141936201843677,21.123397922031227,2,275.09792247404914
S297,28.94471312174376,11.99843437055491,4,268.9250844347164
S298,17.56948018758423,38.02074457152362,2,180.09444476023674
S299,83.33542024198782,80.62001865667638,1,142.94562272902704
S300,74.20413273744452,43.621959551231214,4,331.6184764208685
S301,86.21100136120664,57.57591607368311,4,255.41962616481632
S302,41.76939598434806,11.517337266379823,1,347.83188877192543
S303,17.1873180578069,94.76143093267476,4,299.5293287058146
S304,91.97697517413846,8.812988129788469,1,87.59393093618412
S305,58.88712883029119,52.39625430006316,4,313.3887898303482
S306,74.58048264646028,22.157205889425136,2,27.496575890287613
S307,63.322466696818644,53.06048207726482,2,326.1321833688182
S308,34.93752654723803,72.73791056739043,2,85.05678562082075
S309,14.644421827769438,19.727180282398326,2,273.67750639688114
S310,65.55090105187391,17.714612894722915,4,167.02310466468703
S311,56.37354832878496,57.94680897064898,3,311.1288749393098
S312,62.72174068997718,15.09574013930769,1,168.8115900694944
S313,63.13851200254293,79.63296791514281,1,126.69920014322757
S314,7.419065617328768,46.17424864464541,1,20.480418300222855
S315,83.16966316631215,7.673100117345499,1,221.4030198296065
S316,50.70678173339551,46.271165892727225,1,161.90413331432626
S317,80.9815917697971,65.18374546486099,3,217.80210026522312
S318,50.136730187282765,95.77223588665849,4,37.26067581734098
S319,89.91268339557735,34.343777583826764,1,181.63764054034465
S320,17.255891143636493,24.774372359828423,4,356.7549681528795
S321,52.40685531701745,60.98054063226744,3,134.22671355647776
S322,28.28935786144179,40.87693972473203,3,244.4031794014492
S323,5.236551753600627,63.08865744419795,3,23.728267540698287
S324,9.450594751509433,67.8379344840081,3,90.71848258781517
S325,85.15662599844043,96.44100286539098,2,120.01033298180037
S326,58.27395145864196,14.142838058431783,3,111.68342551865236
S327,65.60547180360552,66.213515692918,2,214.21484213456694
S328,93.80021995657609,30.958188741596093,4,231.65757481007503
S329,32.847655425358404,12.779376410034594,1,232.56893546405564
S330,42.34063663221037,36.182809634678456,3,111.19178522299713
S331,95.11693135961343,34.17323451315482,4,69.12188411917906
S332,99.99766211030285,15.49451729444048,3,303.994219926918
S333,10.114076366789416,77.0874720363101,1,238.29452545371035
S334,87.63927725427419,61.8031465493508,4,55.53099407560375
S335,18.08459671686966,69.28456408612267,2,259.6258792099537
S336,4.3692427954514335,36.429941413076904,2,349.051897227105
S337,61.059542212581576,75.2391165111486,4,84.2410599607528
S338,23.91684972455195,96.55966371940364,4,325.43076172948497
S339,19.401617622256985,67.83068250650925,4,166.2047922387561
S340,28.177173270377544,38.18724341907105,4,347.856535154141
S341,81.68912395812401,80.12592241515476,2,314.280691221365
S342,5.217980326100458,48.0590655461825,3,199.63466835279525
S343,10.258973174840936,84.58922767334384,1,102.62268506135824
S344,76.31168302916909,27.279129959135663,2,299.1768187097469
S345,9.17135696590934,91.05049537274093,4,318.46671853848267
S346,93.04719271262749,41.48969058190054,4,180.72256128956477
S347,23.577807386343263,99.45253512382912,3,80.83395309856174
S348,31.868487544973124,9.908312439304801,3,284.8970294935834
S349,13.759958772587167,28.687939731326818,4,250.5859158873541
S350,13.879269181818621,70.55361752890803,4,221.5253725788774
S351,90.58574891032708,1.9003884910970381,2,300.58671574165714
S352,54.880424544383544,72.72347853249317,4,40.027269716725826
S353,28.810157803923055,30.115119458621997,1,85.83822124553616
S354,63.895173217281034,62.281056834096916,1,39.9088423044054
S355,90.51468856619985,59.67390428189469,1,227.50377912473127
S356,57.50474575306336,71.85443277923527,3,154.52600151720014
S357,61.480958277595064,24.056423880654354,4,67.4330082474177
S358,66.82149029196349,52.348455767821136,3,24.364556247184574
S359,52.60594453221705,50.73276965797866,1,140.56334372162308
S360,47.0135078158486,63.567079146863,3,91.31409398491658
S361,1.6242231108947625,78.85200162795152,3,86.80533277883207
S362,65.71044000108314,10.366386749968948,3,48.027452349371046
S363,35.22990461141895,33.85472581797008,2,298.938116434897
S364,68.46825664089835,98.08191857888492,4,227.42490519300162
S365,81.14976818476065,6.310053703222462,4,13.314164471919256
S366,20.15909928367009,79.11092132290439,1,113.61449521790111
S367,31.00758829368918,39.8224055686017,4,91.19295547294226
S368,75.32909188188648,19.11034307339109,3,310.3698709689301
S369,4.780403424649138,65.57313675576796,3,44.81100296797803
S370,36.8019174314673,88.94865170122814,4,322.0694981838192
S371,38.66447682606922,97.3723584315309,4,249.1446568005414
S372,36.7346926959682,79.72908803766656,3,288.4133114646386
S373,72.70813243426358,7.892700605546787,2,196.37078304406933
S374,32.1211428214594,8.006891107499525,3,110.33850819267089
S375,60.26216277305998,42.61160728830454,4,126.55691415791716
S376,4.235516285012952,87.00371750563922,3,221.34653359155516
S377,43.49405040931356,63.946931049248036,1,27.014819395737337
S378,63.751253788329834,36.33111306509823,2,343.0041826606588
S379,14.277946836254973,60.75729033208553,4,12.527627687475128
S380,6.72333630621088,77.85153735068654,3,130.37420971563145
S381,94.94671118799197,3.238532397966698,2,244.46234048882218
S382,94.88235292655564,37.20133784706837,1,206.61184020020244
S383,52.94598815362897,39.803404595245,3,89.86019511362326
S384,11.344861258501805,73.56748594794277,4,186.3882987150211
S385,91.35425058131867,11.77609954906752,3,253.4536120344573
S386,21.457042542371973,61.18771827636426,4,72.06420275680327
S387,13.572841773052724,7.405203917654369,2,323.52445108304295
S388,44.5111192742455,8.779074110473106,3,240.42232457602844
S389,70.95404868195881,54.99971474868906,3,320.8794056474
S390,85.13620507531259,71.18091040072126,2,285.730698184201
S391,50.87557451743008,12.13624550784569,2,285.1436425000107
S392,23.67361842868705,49.40219374469223,3,199.44771741345423
S393,36.89111655012207,80.36617262885865,2,220.3014105433875
S394,8.621548165193271,30.929071752846216,4,189.25043573890804
S395,76.9164550374698,82.33393995083907,1,45.11764161330985
S396,31.702767046048187,7.41650197653062,4,244.83923663384914
S397,34.45147807026997,87.79601516504117,2,276.4013894487564
S398,12.903295779688861,50.28637864493747,1,299.3006903283149
S399,51.81021329240163,30.412454280746783,2,116.15787041564002
S400,70.93321325292459,34.602308234187305,3,304.53613421611163
S401,25.060530898199907,63.50570913877459,3,45.061306245684975
S402,30.282460610887608,53.347802976838054,2,213.05104031397786
S403,58.064650114025376,17.120062305579232,3,303.31080148082003
S404,56.361803443129574,82.5236267326632,1,29.24022776161316
S405,94.85468539703915,77.10223687944652,3,234.40679189481594
S406,76.6959000916311,41.65867836632462,1,179.29370164900178
S407,62.71640102980843,28.967165680160576,3,173.860134543151
S408,80.4688154215733,68.49908411956767,3,163.27588786386167
S409,68.86135716729837,15.808044701520718,4,174.3304068386493
S410,20.40230135633987,60.66602628206363,3,310.13462765969814
S411,31.931639264672807,98.80233694670898,3,351.1346860493569
S412,13.076615155238647,37.05401980502913,1,114.88171910513661
S413,46.64725670406364,26.747167445418242,2,50.715948602946064
S414,5.060529180029027,94.53848927032189,4,89.37730093722718
S415,86.53075017207176,15.969966213016097,3,336.15055268978574
S416,72.11284288221219,18.983410122335975,2,179.37559514156717
S417,51.472483923148445,49.875970839765415,3,179.05329829710325
S418,9.004909504378434,39.324218411329724,4,348.00718699889114
S419,21.51444225262411,35.289508885635534,1,101.28828181447021
S420,59.75187710101862,84.28496469129624,4,102.86941731876632
S421,0.8177405947240923,10.749708437120741,2,317.6840631306934
S422,72.75080633593919,76.38567641619896,3,16.287262024055277
S423,5.1157687383008295,56.18168651659437,3,199.1602535836146
S424,7.353174974284182,50.42555291232047,3,297.1120744651008
S425,62.32415786415236,61.10431411773787,2,351.02981354896224
S426,39.39037127286071,79.48972283809458,3,200.81946177796632
S427,36.56063732129721,14.426735936893431,4,180.0280452854318
S428,4.530335246707473,13.70363735675204,3,289.42770786991633
S429,51.93327103330832,14.894066457644485,2,118.06770514914945
S430,61.3068121064678,16.25020458769394,3,213.74087602715522
S431,50.731498620129656,50.97141007508325,4,255.14633031675763
S432,29.979056473741373,81.57488332438241,3,119.24625368841215
S433,10.96045894913228,41.65402694322328,3,286.83173301485294
S434,72.53242125518553,68.80436512027717,1,214.88746174314974
S435,26.553043698572132,65.55909721769689,2,259.7040404266704
S436,58.352327704763994,17.051206174665936,4,53.199254988119456
S437,68.07268950506788,3.157051334209937,1,68.68235801769384
S438,44.103856618473294,41.878029816919,4,248.58009393066916
S439,41.03774093227051,77.4972301807091,4,314.21437520843534
S440,73.58372712686814,6.228128601443195,2,186.72595616164068
S441,56.08867729086393,99.81228684054821,4,189.17177450401275
S442,31.375259873781715,17.318242385732773,3,196.65835892813888
S443,67.5868576556368,86.76544034549933,3,219.62756882835055
S444,19.22641691367134,24.651913552736037,3,80.95213367741401
S445,97.2910627590569,29.76145652769079,3,253.76433726117017
S446,69.0239911563607,48.900307951152875,4,125.56914271247037
S447,93.37003747708006,79.54053560023335,3,103.60417517926301
S448,57.347680387364505,54.319087698827815,4,294.6158856470024
S449,95.46088633914613,80.46158339565703,3,15.143935259781184
S450,95.53137176792418,7.902943600985035,4,236.14993819832674
S451,74.7338499718005,21.398680807700753,3,335.8886161619908
S452,69.61713006468227,13.727295480092295,2,87.28489382770324
S453,66.9833964893104,53.10414897327992,2,18.896798462206604
S454,41.33013660482586,71.73580562502437,1,245.22911516931487
S455,13.746703419969553,96.45187672253888,2,146.48668255687804
S456,93.50320985961515,87.83996215142282,4,234.19392907473554
S457,75.59110594087394,28.724503756439457,3,232.52325044049715
S458,90.79369587356224,8.946072051151631,2,192.6548196816977
S459,72.31176782424234,93.66693797506261,2,150.43859360820193
S460,83.76048890932553,93.39226105782002,1,358.9818491118636
S461,39.69945742782996,49.53838973217578,3,315.62754045045244
S462,0.9267168480099786,56.79618686644954,1,334.24374456612617
S463,33.5042113695753,45.4349078156795,4,320.13358695716994
S464,13.41999460090677,50.42126735152361,3,69.41210337857152
S465,11.264676102015446,16.249426253973866,4,233.382721935327
S466,71.85981734558871,1.4084195618464745,3,284.676359193092
S467,56.77812224209393,75.72827502575612,2,219.943619878685
S468,63.872579408468866,40.54903747662143,4,185.50103722552652
S469,8.673776984835591,66.92558534099543,2,353.40666927859394
S470,47.7454098489893,93.58253870013884,1,93.88269974355978
S471,23.55212528015339,75.3756651781457,3,108.7005022889813
S472,72.28825284009974,1.143573419416799,3,249.39669255218598
S473,6.212433180053612,11.822484780397257,3,57.49805708192273
S474,68.60736198911106,92.3106013947117,3,248.5045358707731
S475,63.871132519938335,94.06356237459003,3,221.26516133178563
S476,21.91286009353439,13.356878219680413,2,163.7923221974413
S477,98.8837961895309,37.362484198693636,4,272.6461883895573
S478,80.1994991780031,82.5603509086457,2,244.92309117098327
S479,59.581446553122284,78.73706898232572,4,190.14232466634962
S480,36.17848685242437,91.72447067809755,1,22.232897120406165
S481,54.76492487109314,50.54870560925958,2,59.23337636979181
S482,85.4486007394951,44.18405526596308,2,258.090467825034
S483,48.88279668311897,89.88893517134737,4,291.1291499438054
S484,45.3432300179782,51.32478432016415,4,203.00802663553682
S485,55.87971989987663,67.27677122273694,3,260.38082873700085
S486,39.59487099532575,81.64532259331305,2,208.19205542125275
S487,4.528980272782879,34.45288665621346,1,194.818861468766
S488,6.025563131707001,89.42184453384515,4,11.424553568308454
S489,40.886693581924824,76.89720625834828,4,134.80593142977634
S490,89.13336052185268,44.85371326626858,4,135.23239216871553
S491,68.27303541015414,66.17925381254682,2,235.27227543073272
S492,34.776988713915024,17.847362900411166,4,190.38331423584333
S493,72.78581409061282,22.269021596626647,1,272.2245893492156
S494,97.84906826791389,46.300390119477996,4,191.49609905883315
S495,82.33604373757844,24.751203850377557,3,55.84369435335623
S496,18.84804512367424,87.52081746237273,1,11.59823336759317
S497,66.01976858022853,61.49232072089125,1,86.6398658915563
S498,6.729090288949536,59.394414747935734,4,215.20256282335896
S499,70.32862668649287,4.86763212437491,1,144.81552629192626
S500,23.433927848756163,21.72692101775534,1,50.448807041365654
S501,99.34834412430483,23.41615171416569,3,207.89093326963751
S502,77.25382124821238,81.83824890901529,2,108.63519665191318
S503,14.326043416332867,66.02124238107432,2,148.88167432084933
S504,27.515392050860545,55.67181181052345,2,225.3575295533988
S505,42.72005822945435,49.562078749302096,3,338.97110753948823
S506,67.13425247457224,78.5804595980518,3,250.67102663127233
S507,40.825917682958845,29.98884944354011,2,271.58979500572514
S508,47.35188204122199,84.93409322600405,3,308.71484588628743
S509,14.435174916517845,46.30251594986109,1,202.45894185128728
S510,96.77861885466267,55.72867581992731,2,139.83085757068594
S511,25.49956456075365,33.02629936241049,1,332.00139762404007
S512,84.71333859196119,9.246399652686366,2,18.553186481044968
S513,37.71679749613398,60.49694463828358,1,314.50336505623426
S514,18.81632939327553,76.169641753721,2,172.58191432952933
S515,86.94738515245379,33.296431081882126,1,76.25079793764289
S516,19.00236976301487,74.1475203017266,4,329.19886683921175
S517,69.56262857049818,70.37685826757038,4,329.4455254536803
S518,55.207929254781455,77.55138820637703,4,167.85016590441793
S519,64.87213399951126,30.84222842869283,3,184.61395440855847
S520,49.72772931009833,9.860823156548005,4,274.18642895149605
S521,32.0233284788806,20.312749125588624,3,149.01486140830485
S522,56.25247274643543,22.127409831622526,2,5.83916436045377
S523,55.33115635421741,58.403189911799814,4,106.26922350278575
S524,19.619178272683378,23.001862600326362,2,179.7485336529561
S525,65.46079661210219,68.48466123459062,3,274.8098252398751
S526,48.862110053381514,72.35579463965777,4,165.8984394413539
S527,73.27722370250189,35.21761683319934,2,259.3128710743537
S528,48.831632125413236,91.68993896943668,1,188.6199895454686
S529,83.90684935949547,7.433041144302566,1,275.1619836859269
S530,41.23922224155927,84.25447168253484,2,24.468458999552148
S531,15.102964646474614,21.87196724543937,4,134.35224936725228
S532,61.7835235876803,66.67547295533397,4,237.34236311635058
S533,1.5731766869219732,53.22124850127366,4,4.266348526041277
S534,52.94176468416506,27.4740737197832,3,6.171335136873792
S535,81.31572209139098,67.40329521192103,2,38.52591433001744
S536,9.631389025140846,14.889748574025052,2,223.12110326829668
S537,25.241819631468044,35.44411008605714,4,28.446927773196734
S538,95.92977941485302,45.89977455511851,2,356.48389139030184
S539,22.58572526274222,68.40416254703855,1,235.3448590412951
S540,85.82191590211872,75.95858501768447,1,145.90018731754307
S541,37.716956848428715,47.600510013189115,1,253.02425400687818
S542,8.268612250580176,84.53297945403281,3,203.7083860623726
S543,85.79603133636694,9.536183547073007,1,82.71593895636602
S544,90.1272959024585,69.22877124514751,4,97.5942189750247
S545,92.41592666085664,68.44287434636415,3,323.7521943114031
S546,56.350986404798356,3.2901780153471893,3,5.636914269096462
S547,20.715811540958363,14.419156128357692,4,334.39497849119823
S548,29.92768895808625,56.39581996237649,4,243.73258771560543
S549,54.056243100561076,38.384621408290606,2,284.57931068429394
S550,68.93105411839751,7.842769101852809,3,19.330715501061697
S551,43.70882528434991,83.86746576131749,3,217.86074755223117
S552,61.38652336214363,59.56086620442795,3,10.66523722025944
S553,27.33270286287973,99.25858784507973,4,82.12982034751795
S554,55.30377249504838,37.54269959915276,2,244.6901489117372
S555,66.06719075148754,8.569411763673573,3,287.2998625689888
S556,71.31085326783857,8.203800967314855,2,136.79999751004408
S557,78.38902818702226,15.427689060311977,4,114.00416232535302
S558,10.655091771126113,0.5195222370030117,3,160.10491139866633
S559,76.13464912009718,10.223141411324587,1,67.4610420700358
S560,44.88436770214514,55.47400006088677,4,37.18545384298476
S561,8.96188419603875,55.4219805397572,3,310.938543816549
S562,1.2340614883954437,41.38100697681274,1,260.94378385252486
S563,55.9536545762476,99.27302001280566,2,205.9057550698342
S564,16.95829233923255,38.07320234887431,2,96.81082687085312
S565,26.840679714921066,14.593482064654783,2,156.4834569345882
S566,42.110233977252435,48.42313139339285,1,130.0049684242301
S567,94.42222956313942,72.08994524555928,4,213.7703032940683
S568,19.554822488026048,10.6972367580902,3,2.436252993169745
S569,39.56919784264058,84.16133867218508,4,289.46752630465767
S570,32.95417162792602,33.4736223746957,2,108.15670248448443
S571,60.3211268389813,69.52922955218813,4,113.10598123035889
S572,96.4574623094794,96.87252217466956,3,264.5547715588271
S573,63.29024619684167,96.77630854836052,2,117.31904547944596
S574,28.03001464642175,78.58665316770607,3,40.99961650031932
S575,56.38505086287859,59.222703425038546,2,245.41654792683156
S576,55.00991569974728,95.3004611486296,4,339.470969550402
S577,20.964839636128353,79.76855210314035,1,294.8276044816051
S578,79.56568359959545,40.91415902449015,4,50.10448417068253
S579,30.2832642510691,25.268168493109165,2,257.48510086779345
S580,78.9076763220063,7.396513558228845,4,209.6078469178813
S581,53.43674012021171,92.34957540064467,4,195.71227321949198
S582,79.07209170492592,35.95294930162599,1,39.3729930879433
S583,24.82309688449028,66.46938871965469,2,232.91994527402554
S584,4.429669352784959,98.36082059519828,4,348.052008084698
S585,33.1596702081835,79.62310644273127,1,3.7971982024487883
S586,25.873837040365544,51.06762405250447,2,160.48027854176644
S587,39.11341686775028,77.2342232462432,2,124.18825953582657
S588,2.456265302576932,10.454935800606169,4,331.39711608158075
S589,8.585479942015805,83.13177447071385,2,125.39831483573109
S590,34.30666808436261,78.42699975286969,4,125.38810678883276
S591,9.76230311257089,72.1993943279708,4,114.80741071837215
S592,30.02640831819403,81.01859369186981,1,8.130641473120445
S593,34.307794755674834,10.936268178477382,2,334.77208073589327
S594,74.04894846969316,51.599390189687334,2,119.1562759991409
S595,42.63693836216823,46.20541574944224,4,226.71371479632435
S596,18.638692528366196,65.73079111586098,4,10.509218763260609
S597,61.41069373719198,19.732443578224633,4,139.98088092805455
S598,70.47356159597345,20.578447936732193,1,207.84524587266696
S599,79.95023568867097,53.688901057064406,3,117.35456817557466
S600,45.75504222061855,26.23533954523609,4,189.97740706600177
S601,63.91085856661506,59.69708292829935,4,211.32169724347847
S602,34.79246374367544,84.55178026695592,2,292.9457715339362
S603,70.598836094598,29.74448346993519,1,241.9596294181138
S604,31.318574486569794,23.857272643879057,1,65.89602659933406
S605,69.34365417164456,51.08248694871609,4,214.71329427981544
S606,57.48060448744145,42.30387820732123,4,228.7805911411087
S607,69.34329265293553,64.52600950799504,2,199.76852729969906
S608,48.964202619220885,14.029653509779704,3,303.1146770891573
S609,61.94099787891749,86.55222308564123,1,174.45921100044617
S610,19.512849163424917,38.394417586795306,4,147.28836541243493
S611,49.17258800240638,71.01423728457972,4,175.93182429828684
S612,8.267062578646689,3.0860705643004804,2,105.15236744113439
S613,27.485291827353397,53.76086182048194,2,281.0664710747875
S614,56.56504611858595,77.25476381623712,4,197.90142643369848
S615,11.321099529202316,11.42066513589688,3,195.13561648234673
S616,75.6786242437441,76.00041308923083,4,196.68717889990725
S617,98.97757278766832,10.241643887749829,2,107.17521663704171
S618,99.93126692789077,44.97323428304137,3,310.3918651791087
S619,8.698300599358898,86.52904703762955,1,279.2273939570785
S620,23.694605536668124,81.07027168394102,3,309.9775306572871
S621,61.02618026194768,42.81670612542451,2,282.54575158941054
S622,81.35298654954337,80.54404933702783,3,191.62108705334816
S623,59.6857685884599,16.837736460308438,3,104.1599676473797
S624,26.734306627808014,85.80168449462576,1,48.81200631408329
S625,75.00941364891159,41.15962231067471,1,357.2950412320828
S626,86.70475904337785,12.688816861381024,2,89.88380709773033
S627,71.13948488391691,82.84818026986326,4,176.2051413296296
S628,57.742552930416146,26.871715208748594,4,135.0620380246417
S629,7.551627333184896,79.45986306676647,1,145.02627838865556
S630,74.980238287319,69.47036157275446,3,163.6904336667915
S631,48.80444804377054,58.195554466898045,1,263.13549749533905
S632,45.84492566797177,66.41438208318425,3,306.03824632465125
S633,79.56779266478453,39.771586818866375,4,296.94515314896796
S634,49.47149475554886,32.28651495899529,3,121.59185586148345
S635,57.79336402609515,56.614211091714026,4,283.7893152516057
S636,89.4154658038556,76.22540224225018,1,35.846907089834104
S637,78.38897618405683,45.958176267356684,1,334.59583512510784
S638,15.798351497416153,45.65181359699064,4,72.8345543030639
S639,68.85918819115103,13.191308738401354,3,57.23188664609498
S640,93.27255627259242,27.401945809528215,3,90.1401402776792
S641,37.18437676467657,90.38002688356579,2,18.643419017515797
S642,62.560427416495415,72.59883634704453,2,154.52313867192478
S643,9.119918721689313,9.51836779794566,2,171.65041497392906
S644,13.26997920399866,22.619086145940603,4,3.343301139045658
S645,69.55971072880487,81.71090269132985,4,249.85116040395985
S646,47.770024143776524,22.894686745904323,1,263.07481743502956
S647,10.242717044950666,31.33514774409062,3,49.36654610767643
S648,77.34604836506242,75.3157800991068,2,230.96741346611418
S649,67.71370779190441,6.8411607522579025,1,219.71492613857444
S650,16.41165497906463,35.118771882677095,2,226.1088138027249
S651,15.137413084428097,41.17098943596781,4,309.586508856774
S652,8.668803346598853,10.046511247763878,1,212.24661039414474
S653,38.40319093431207,96.32487105532641,3,284.7875980313038
S654,24.77863749635789,64.46205681878978,2,199.22278744250283
S655,60.00078672258529,60.75930989155233,1,305.24115759838526
S656,65.84053700851439,30.16493335771986,2,269.22371075324986
S657,29.554205124206668,5.456913101525296,2,178.15957917957607
S658,11.274366260380852,49.958254127265754,1,190.18314033702632
S659,97.76969478433357,98.68825328431889,3,47.51383706377273
S660,86.08140039367474,56.83803887729609,3,196.68823961808636
S661,17.2770312150761,47.1014625984825,1,6.008184637508234
S662,6.753256927276718,26.218527716206708,1,332.12854401594984
S663,94.86799969471245,39.79750238851503,3,226.28545058180737
S664,50.10489655070751,41.54319943754019,4,29.674012292872515
S665,53.65648160700154,61.6047055666748,3,30.09494656001388
S666,7.902156197506704,92.09248587727359,2,193.100462240205
S667,39.07315029683497,63.42942473532567,1,111.66101762297238
S668,43.748604305057505,95.34279767160722,2,20.846139848326956
S669,8.621279839148933,43.44835886060191,4,220.42684599145997
S670,5.502861968644002,66.60795788593106,2,42.99948248683948
S671,70.79006071180983,70.1499611223866,2,178.70865570817762
S672,34.67051276788514,51.72228424473635,3,60.106663509257096
S673,12.693060748112483,78.11239799369875,3,263.856901519815
S674,11.805672028236302,89.9897426585527,3,290.55882479665314
S675,27.198059502135376,6.3871989123148065,1,178.61312481665013
S676,51.07818794259719,5.5439110842421595,2,132.36760002845222
S677,25.51160810390781,10.29049150218696,1,82.22559233517038
S678,50.882488491064684,4.403790726280954,1,88.03852212841323
S679,47.17645895777382,38.29794743673991,2,64.4259361566426
S680,96.03421453944236,3.536357397485357,4,80.82551297432722
S681,24.826318335724316,91.5854764880895,3,97.652864883534
S682,7.788706996691197,37.280816673786134,1,64.56396609803004
S683,80.43380194587567,98.14138639414949,4,24.813517598188234
S684,46.50941779168861,28.230687062090244,3,117.82833182140281
S685,55.30913953240676,0.7969173557455522,2,104.97423263617175
S686,78.45072172873415,73.9575986733418,2,167.01360860897975
S687,59.169093498481615,49.336067585488486,2,263.68680122613597
S688,54.655924260975574,79.59735411787545,2,2.2960377906494633
S689,41.00361095660199,23.299774185974297,3,228.939062224676
S690,69.34608062893048,0.9594820074664501,3,0.5263345928079888
S691,65.73038501759979,84.90059877789218,3,37.421646966561475
S692,52.98144890600125,23.816759452086565,4,346.02662191958893
S693,97.25592359673922,14.23734852049684,3,33.48958980891176
S694,92.12744029721064,89.72874719314592,4,252.30488749152465
S695,37.249197407408076,97.45547901682511,1,209.07742585545572
S696,50.542776386077584,63.721568003269205,4,26.938974358755896
S697,56.782072828920825,43.49828784349853,2,85.23782450708273
S698,26.099093892361005,31.50089154097583,4,252.26121827575517
S699,73.5352868782368,31.80577192661006,3,84.10004158979261
S700,94.35546860300946,13.611184641671903,1,55.947798475897216
S701,16.43749806997682,46.60551124366618,4,43.465225345886005
S702,35.82874459373557,77.0336748716505,4,110.99077855650165
S703,26.50079269147082,11.991355635539358,2,290.73488568499494
S704,30.421498288502303,70.47048039501755,1,77.40748421052774
S705,85.65732712134246,14.832379736909939,2,348.6240015034928
S706,39.624446267977106,4.8950617590422745,3,93.66004537964061
S707,99.06766204079072,3.1082093358759555,4,307.65646966392114
S708,55.595376154838824,55.01208920020806,1,166.335569595446
S709,80.38967534438501,13.979303927312237,1,22.200906417772433
S710,78.09599934709611,22.22881326877716,2,296.5224294678081
S711,37.22397438159977,63.02975486038245,1,209.63656850906273
S712,25.882065234652586,81.27470916136144,1,358.9781134069706
S713,19.77503366954332,64.59868955867836,2,33.11230991652658
S714,84.72754346531343,80.88872084882101,1,15.370674872555092
S715,46.09949220019407,16.798920872905644,4,295.80674455162216
S716,39.49986882219194,2.948229300029148,4,62.210596259084106
S717,21.471610597002666,18.715111371116166,3,160.5641150327963
S718,14.863140906877392,61.410657777768776,2,233.02022417066885
S719,49.8891609996499,88.27785741589118,4,21.952464815823397
S720,27.977598743897136,13.72360171320648,2,231.35490922983664
S721,79.71979418830131,24.914775513674602,1,356.1853016741522
S722,78.1915766845425,35.911210983756504,4,123.8522831243554
S723,56.565111504788135,32.160441866801136,3,64.73371453123292
S724,31.887756732937955,21.902018807309453,3,21.09284290012267
S725,99.15313234305708,52.943229196543165,2,350.63275022406077
S726,10.013433730495757,65.68644213762343,3,192.12824325161168
S727,79.12372121010681,73.7060137509619,2,207.24915910319856
S728,98.26646357580326,38.84225216120826,2,63.39613232879641
S729,59.25195091814127,80.62102253593883,3,329.0328014862724
S730,2.820656972715907,70.05608033514183,2,202.71920071104662
S731,18.82336649052563,98.8006210404643,4,195.16485654755758
S732,17.555676766065076,3.796374120009971,1,83.74440890996607
S733,21.880894169157727,52.64485141485109,1,119.42423768671323
S734,61.41347676624683,80.64454133100028,3,258.0975477686938
S735,91.8780787307206,84.42840864376507,3,21.44014662421226
S736,14.771201898611464,70.46963417323242,2,278.7719395751611
S737,84.64808875791347,86.06694665915508,1,134.49268083001436
S738,94.19232134680416,39.55955623538543,1,121.16198561068961
S739,32.260320437291014,97.58606713824263,4,285.06330899995385
S740,96.06621003687383,64.91802656448141,2,254.58585164507807
S741,56.19773096856504,88.96002168122321,3,80.36539703303129
S742,58.895015578310364,17.53516299902208,3,264.2381904114741
S743,29.45172647189227,17.77082884969633,1,341.56371751966356
S744,94.8698159849903,39.160142727760196,1,65.54943216487705
S745,31.821691186009502,80.88069257701314,2,230.27283820210462
S746,10.411023301398592,49.618505791309,3,268.3235981167137
S747,23.799592514939693,98.23796549403568,2,229.0272372865326
S748,96.30796245390624,82.16618054283099,3,160.78677627520577
S749,26.521244056287617,24.954086313527878,1,126.17321828303378
S750,78.70200060906603,72.04135879969684,1,138.93735526322757
S751,73.25844944987686,96.91018251056852,4,177.50951765058514
S752,37.8712574774259,54.60239676784543,1,298.37051192385053
S753,78.87299944762194,57.80554909331318,2,58.55634422945582
S754,7.370938956137419,84.57624840245603,3,7.228079399005201
S755,26.112770998226196,10.472504849881226,3,61.23787313442865
S756,37.54578840799964,73.1985085271317,1,121.66221032925688
S757,98.52761001411432,89.32261726464091,1,155.2764002925099
S758,65.36351752653509,60.731762565488566,4,56.55735983908227
S759,10.125781097333563,20.555047671793712,2,147.3407516702325
S760,55.41124323162294,92.55736003069133,3,237.81524137667049
S761,29.740064768156614,9.591592140224158,4,205.83713082878697
S762,83.9854504845651,15.35899345167342,3,1.3736059810082946
S763,8.7628359306972,82.38973070831614,4,71.88292827394068
S764,2.5735692731685744,17.083219169222307,3,351.74077055973555
S765,47.357065114206875,11.550892374182787,4,169.54000306185222
S766,89.48774834054713,26.500439711762127,4,66.55723939513702
S767,88.54926927495389,36.9401664931945,4,16.062092891235253
S768,43.974042285276916,26.340080966235902,3,203.12877164922784
S769,15.11306744235391,69.64709510465596,1,30.854632262370153
S770,34.37913865460467,54.144900600602206,2,199.29668621684718
S771,84.07971664302505,81.84052148653736,4,347.62597346890857
S772,68.70679323888868,93.63614356132179,2,171.4544211893287
S773,7.895504977408319,90.27772013391541,1,180.75652931361773
S774,90.04550614715919,80.04503367206857,2,43.30147491195598
S775,75.71887556391934,17.287897280649446,2,349.97935620159245
S776,80.84607213193631,12.618599863853975,4,28.21266797021607
S777,68.31254693522546,20.191927997223445,2,300.2789227233615
S778,25.788635998777654,91.08044857315943,1,31.329878715542655
S779,55.636420396979894,55.2054191575399,3,187.08774391514496
S780,91.71619107832481,1.236379732601811,4,40.506783345336174
S781,14.964231959134144,56.65939270551065,1,332.9741400333385
S782,56.26837594773225,10.099044282544867,3,312.2910963954631
S783,88.01357846250323,87.78935626960548,3,137.89565023573903
S784,48.55847922863307,60.89621519524352,1,61.99190213642336
S785,40.297395843157666,61.82444886017983,4,13.96171169344623
S786,88.95742139142575,33.14940757342707,2,17.744751188680038
S787,47.52181911530716,26.858435494476073,3,7.283839893577877
S788,81.73859253052775,30.305495344809664,3,303.4247647001066
S789,85.82347832335742,68.48520271347269,2,48.37878754863857
S790,97.42194246033105,44.31106133314289,3,96.9911931631549
S791,41.67727277053827,64.55548114276442,2,159.01797530129983
S792,91.34328054187404,40.717036084044565,4,273.4175862814524
S793,86.71889705502257,82.10173923984603,2,23.62210834029549
S794,70.95693983643895,40.33851410124437,1,62.54544816460338
S795,87.51805561254167,20.072677610052136,1,89.81649407674055
S796,45.64486671280806,91.80310693411163,2,98.63189945076921
S797,82.35062916891161,50.51263749371638,1,245.2227697596159
S798,24.19380945896116,48.878673906656786,4,63.930129898990195
S799,87.04807719184629,58.68802484224268,3,123.92964138735009
S800,83.76537702567273,25.86599271667087,1,102.6249755165143
S801,38.65656707409847,16.290740559862048,2,308.5600274777888
S802,64.7379891761482,67.76952460909708,3,234.5714398281469
S803,51.32812337581243,86.4629930111048,1,170.67499435056413
S804,13.231409078368205,17.320065648214477,1,80.55721142039116
S805,60.83438828966435,94.30049680580176,3,152.57044823746287
S806,37.647545227100075,34.870919927208135,3,78.55525946625532
S807,30.214509127435196,52.06378983282358,4,210.4153761031654
S808,0.7347572680664882,99.94293798681754,3,202.1245622116563
S809,59.37725425440825,28.2676877815097,1,173.4258307738702
S810,33.628365388781546,27.6483249966761,3,310.136976090659
S811,26.114690792649686,71.10937755717917,3,67.80962924640285
S812,51.72935855796514,24.030207767849443,1,289.9547361480707
S813,80.23637444528116,60.003330114557166,3,245.07207013945745
S814,72.12831975926106,65.54005704624416,3,93.39345817631602
S815,41.85656860813416,38.82749210054583,1,209.88853286880868
S816,99.47537300887885,81.6014701052868,3,261.5579555691253
S817,22.236319397626893,53.463510154421314,4,326.3495419818197
S818,67.18684759624088,50.731485560681534,2,302.629930054704
S819,87.64947843421105,18.113585780400076,1,169.4811141942433
S820,74.09188915688681,72.51866371061195,2,340.8924168698225
S821,89.9591157850865,65.44346443511532,2,127.90202260313966
S822,74.4209929342808,30.708527133220855,3,133.80567471535
S823,58.557069520690376,46.376062818775985,1,169.39316436144486
S824,86.63933696925396,58.35746197425805,1,169.99908566618993
S825,19.454380497692057,11.981593718750583,4,190.74186166679908
S826,41.31072540138808,87.08491463530046,2,49.451493302324614
S827,20.02965907951435,40.91918467521041,4,51.56069482786985
S828,86.2393943337116,18.035676910684384,1,175.52910446931867
S829,63.10327722626952,17.682426656346074,1,1.6968605126377856
S830,27.35278622014996,76.11932812149992,2,207.46040966521312
S831,15.843511737567994,78.5210905697712,1,46.586144724582915
S832,43.37114142886366,42.94097230091205,4,347.5180224468119
S833,38.33164200534607,3.7725318474937986,2,263.03726534781237
S834,95.0068615481832,89.20063921974088,2,6.449805227140568
S835,0.41238339743533414,73.3603240913325,2,249.66890898134298
S836,34.43497740633209,12.893080042830274,4,181.20113232673293
S837,30.611509209141275,6.52870224702643,1,107.35281125788995
S838,29.08277918094866,72.78319114468128,3,156.11948281281184
S839,68.67801546713143,13.378943013200784,4,129.33031909198766
S840,18.842603389086943,94.80843537069427,4,6.884903924394989
S841,22.432136332369456,98.48795244932604,2,264.2675829521475
S842,58.96928347992416,16.898474189014713,3,255.9996324345062
S843,79.21271550458926,37.519243267583946,3,277.6498788036707
S844,62.31347773118835,59.39240678748505,1,238.30916970164208
S845,65.35676184007527,1.9741766514145165,1,150.0392034646358
S846,38.02537629276146,54.728238472892556,4,252.67255734745973
S847,20.54949156581761,68.574002854758,1,108.40192371244522
S848,66.16645760907221,66.24829658888967,3,224.20719964823394
S849,70.0726346203413,41.882575177142556,1,184.17052312758443
S850,61.76979550550473,28.270676817009253,1,179.18606274957057
S851,60.90018093567296,77.79589165970229,2,128.85186115829072
S852,40.9756230528289,16.037359863076883,4,327.72838588632516
S853,68.82039154553736,48.06639427736671,2,0.9856796606613694
S854,67.16331324652049,90.6880044269792,4,53.6920173600358
S855,9.008267357592448,51.170534696465886,1,325.72057822436955
S856,64.43367915686986,45.67512347449804,3,95.08500819757468
S857,5.0080195812947315,81.31784139178826,1,306.80952686521545
S858,36.02146640538878,67.67665320091479,4,265.87447048518345
S859,9.499847033058028,75.82040048412382,1,3.4820379817451386
S860,13.83944426726924,64.71986261793396,3,128.70986552558796
S861,43.77145167819347,62.18070333325072,1,134.14397517880158
S862,34.272272276036006,11.38319999037497,4,346.43157485391146
S863,27.183309075019015,38.57154897593142,4,287.963674901622
S864,64.88464838722638,79.6909557035407,1,47.70416744516159
S865,72.64111120898006,98.15691705231887,2,37.336718065813
S866,91.12267612721793,48.26748505403457,4,65.25380179342876
S867,37.97507791158876,35.85989148270966,1,310.52727882867373
S868,87.99502465019857,72.72786347079617,2,173.90867629157955
S869,48.812277699215315,88.75939280635436,4,16.550037136681198
S870,26.161286722848985,31.42379448738709,2,352.04240071828747
S871,66.98443582143155,33.83006417684232,1,155.82524655920844
S872,72.66519684238507,48.19296773206404,4,53.51560281255754
S873,82.64378201838153,89.20618816300602,1,4.192152258929109
S874,93.4371420420165,50.55675718847332,4,306.67361452058384
S875,86.9415634612768,7.486524247698478,4,115.42817359209846
S876,33.089484252143684,27.81571302589082,2,198.17840510304444
S877,37.863759251890315,81.71033057197928,1,165.27405410936467
S878,80.12612877267222,44.809858566537386,4,160.9445231689673
S879,11.870685205363285,49.737334806650104,1,36.95159573285488
S880,41.233854767554945,55.71310114048331,1,297.32715303243987
S881,79.1783285172308,96.31712482800047,3,320.43992357702245
S882,56.23325720939878,65.45959835609374,4,342.12784679761165
S883,36.3342477569811,5.427521330556784,2,303.95427825753086
S884,33.19726255547317,76.74163998645392,4,257.99690452650333
S885,36.329454716975604,45.25324561746669,1,273.35518238848215
S886,22.174710782019,34.13571145768387,3,197.16860940988832
S887,37.38903604604009,10.632222924961221,2,177.27197118522008
S888,82.18386599187262,74.2510890376263,4,38.50614198702684
S889,61.08517661386838,18.754340053160334,4,77.61222157282054
S890,82.45541437076062,19.05787640570693,3,38.79566902349712
S891,41.44703451283303,92.66265305373108,1,277.97226250940236
S892,45.05045969589641,65.84566950002026,2,346.9877122311168
S893,0.43376276669229163,73.62139303130776,4,301.97379984440994
S894,48.29319635359263,50.83328990718833,2,249.0543765446512
S895,17.365027018259948,81.52441540984941,1,139.46600851943975
S896,60.054602180541124,88.2695863558678,4,150.71930850014294
S897,60.8993693559693,69.25155353723068,2,98.49451678420004
S898,96.35935376797526,97.04916499121006,4,289.72685909281563
S899,13.818000564534561,60.25244496763816,3,303.50679526133797
S900,54.78059713595177,31.391079509164655,2,72.32006963712399
S901,62.41675892053882,29.057949547925066,3,331.6290351901541
S902,13.26717285911403,71.03964436805722,2,181.4016380555699
S903,69.43119737273264,32.23813974138552,1,273.879008939904
S904,56.22802114514255,58.280627109585836,4,242.72765479410245
S905,89.386600137792,53.390280370360585,4,290.98972055761055
S906,52.272998620920234,2.527214125447208,2,19.103399822797638
S907,5.660477429555666,26.697826944429437,2,354.07166170464154
S908,68.3390328664787,14.642839014069597,1,248.6141461310436
S909,29.5140565961606,75.3593948045165,1,129.1256774444091
S910,45.25945045238733,61.61088337602866,2,267.2685849142298
S911,56.12705527908106,23.75954725662045,3,249.4569870771295
S912,4.697988127533204,38.15826280977923,4,344.4127092042576
S913,97.58227220561263,31.265398089463414,1,4.667485562869791
S914,25.13411283723057,62.0561695611849,4,298.794053503852
S915,91.14863770737387,70.46290688927877,3,271.83877387507795
S916,54.66151367012413,60.338697728864155,2,105.90397984961695
S917,17.742589848826317,68.26588517015352,2,346.4910896313656
S918,73.50794860262188,11.935381127296552,1,154.26281318426433
S919,55.659862059533296,13.006653011537228,3,2.0322489664152465
S920,46.63313382095791,93.74944504708476,1,55.33321808506671
S921,32.263002989351996,5.0855441195226785,3,176.5983388153236
S922,57.267699055493004,35.80855881637394,3,189.14222418655694
S923,95.69877176275037,52.060628733170375,2,149.7352477573518
S924,53.703595253390866,9.194555393906645,2,318.02282599216227
S925,66.3334476440277,33.10665366113024,3,78.6403028824253
S926,75.26556895545168,53.04988956068246,1,41.29990250481549
S927,34.60072908227685,24.03478764332566,2,345.20285378661606
S928,68.25513607685279,32.09370105070815,1,138.9153365222558
S929,54.02373129425615,28.282899427939746,3,185.1512623504849
S930,50.873559300271346,48.68047091651832,3,323.38137920610717
S931,19.25123879336771,51.38947001274335,1,60.262131316858174
S932,95.62762064733991,53.797483096425104,1,225.69590735115
S933,21.0781474935525,62.95144839106669,2,311.38230805654723
S934,42.420945194114054,10.392680917367015,4,232.76201735460432
S935,93.97511115083135,74.68908256742621,2,8.551060597010554
S936,71.6868283835913,3.788631474614812,1,19.536505520918773
S937,79.42147869758904,55.80842053178108,2,327.9551667952035
S938,40.7632778495793,45.112566374404174,4,155.88901247013752
S939,1.6890968304141274,67.32987323277128,1,230.91218873339028
S940,61.83493589106022,75.59605966951774,1,252.31753129788075
S941,7.2589444798977105,92.80477501663339,1,104.34117558062883
S942,68.58786590497992,60.65658411868306,3,275.4987267673665
S943,43.7676149468225,39.511325822861764,1,170.63556385246252
S944,53.34677638103494,13.63814603295468,4,286.8373573354964
S945,84.94674380550121,29.497846931319128,2,107.3003411577944
S946,88.69781189722487,96.53653934226715,3,344.6609936789232
S947,1.1150207769305864,87.47669276227784,2,44.36465721605964
S948,0.5029839074005116,59.66548874533303,1,109.68881484582302
S949,74.82965867327934,90.35463759745458,3,76.22529945191455
S950,90.56280303443334,85.14588513415508,2,57.94356872318221
S951,22.078796935740797,83.47483668680621,2,41.264115164346045
S952,67.09779113505783,56.729264447280116,1,306.4995800731707
S953,93.23698654031486,99.43130504254334,4,232.0828249892537
S954,7.314457215855019,67.16852491152491,3,35.352864496933904
S955,72.55892573341403,48.719041013374856,3,128.56980924425608
S956,67.1295565780051,23.45328487459202,3,223.02567977555987
S957,90.01185908429218,31.778593723372538,4,118.20458815904911
S958,65.94222508793732,69.34581293476367,2,203.59872284583955
S959,36.449343567862925,31.633315949632912,4,60.710223926152864
S960,31.32147807342941,78.56601120645233,4,99.60474060803367
S961,35.94859997503893,67.95801798475742,3,316.03889862286616
S962,46.28483760756102,35.87416021135967,3,175.3096976772089
S963,10.88326362950366,64.55516040818964,1,303.0454783217738
S964,85.87136553707992,14.00016687161999,2,94.76447421369
S965,88.63358320788956,7.646237855721538,1,321.157866468332
S966,84.95872729061418,63.1626494461255,4,276.9120917649051
S967,21.276068617629683,3.6656309303596535,3,195.64895661052267
S968,99.87281750118517,47.21039507829259,2,131.69470683708343
S969,22.330664762435504,77.21448435604627,3,48.19725340077584
S970,50.11231713772714,9.055402425516512,3,180.7802170799151
S971,66.26784893786967,84.79818401038666,2,272.59418565846386
S972,14.037069265708658,15.92224179144589,2,264.9311311805368
S973,48.35034157274309,35.879553884580595,2,274.1300560202537
S974,23.17499076043156,26.435711510058624,2,15.411038701912876
S975,20.677407471750097,90.77260925729607,3,139.71351958127855
S976,91.7901944031145,88.1551981318276,1,353.01232154271685
S977,32.40711100639776,70.37362528476223,3,300.55401583826165
S978,26.33160693841534,54.435006208837144,2,135.597445035898
S979,37.85185170568285,58.76788247625272,1,185.99864311941792
S980,37.63287810435452,90.72424264468196,4,127.04328279350125
S981,86.77194218712472,48.68615626741756,4,319.38189966616
S982,0.6597686572648365,88.20342431885622,4,59.61809607443717
S983,7.708822574124685,64.34770023883097,2,54.0865468031618
S984,15.73573526905696,60.20202764667771,1,237.99947144780066
S985,41.46136850951062,33.02247652430509,1,173.345993780215
S986,47.88146427200821,21.070395105176342,2,233.01332429059892
S987,41.08992071632001,24.36703074212695,2,206.45514408681657
S988,16.1129140367538,62.954042488815496,1,320.687161728866
S989,14.68651000850797,16.634136630788177,2,185.9906493497327
S990,40.5456316466313,96.9243687120115,1,316.26323386309315
S991,72.7974315447696,82.13033101220027,1,77.97363044107861
S992,60.65258979259119,47.14134549148559,4,61.40404223629066
S993,83.03635747042807,60.08387144112001,2,224.35622600818834
S994,51.080490845829765,16.772170159359867,3,332.04670014418105
S995,59.65333624973594,6.884289704124469,4,138.76627778706512
S996,10.85701139015155,20.23485490881751,4,297.5451068121346
S997,60.55110178612067,17.742218431732937,1,315.9909495874685
S998,53.14299501726717,75.23831510358781,1,173.60673664049312
S999,13.032884077716433,60.347465082471054,1,322.9088230251114
S1000,77.48704230678032,64.92317351065338,4,133.33588208956084
