station_id,bandwidth_mhz,x_coord,y_coord,azimuth_deg,elevation_deg,bea_id,bea_name,cluster,state,area_type,licensee,frn,expiration_date,fixed_start_freq,fixed_end_freq,optimized_start_freq_mhz,optimized_end_freq_mhz,allocation_method
T070272032,10,-88.60862109382735,34.11967377628013,120,0.9704691689569164,75.0,"Tupelo, MS-AL-TN",75.0_0,XX,suburban,DBSD Corporation,26092031,2033-06-14,,,2400.0,2410.0,Global_Optimization
T070272053,10,-85.14547586185532,42.727306292503215,120,1.6960261613396188,62.0,"Grand Rapids-Muskegon-Holland, MI",62.0_0,MI,suburban,DBSD Corporation,26092031,2033-06-14,,,2400.0,2410.0,No_Conflicts
T070272052,10,-73.71548873268759,42.40769244467418,120,3.31863113251422,5.0,"Albany-Schenectady-Troy, NY",5.0_0,NY,suburban,DBSD Corporation,26092031,2033-06-14,,,2400.0,2410.0,No_Conflicts
T070272051,10,-88.91713709930578,44.096493468496405,120,-0.5759006351933049,60.0,"Appleton-Oshkosh-Neenah, WI",60.0_0,WI,rural,DBSD Corporation,26092031,2033-06-14,,,2400.0,2410.0,No_Conflicts
T070272049,10,-87.88078785321888,41.66357152006915,120,-1.5643952522429605,64.0,"Chicago-Gary-Kenosha, IL-IN-WI",64.0_0,XX,suburban,DBSD Corporation,26092031,2033-06-14,,,2400.0,2410.0,No_Conflicts
T070272048,10,-90.24168188284986,33.42804012168334,120,-1.3304392079519936,76.0,"Greenville, MS",76.0_0,MS,rural,DBSD Corporation,26092031,2033-06-14,,,2400.0,2410.0,No_Conflicts
T070272047,10,-96.03683271464284,42.64835456867424,240,-0.9881208596101736,117.0,"Sioux City, IA-NE-SD",117.0_0,XX,suburban,DBSD Corporation,26092031,2033-06-14,,,2400.0,2410.0,No_Conflicts
T070272046,10,-85.8609092009353,43.642830615917546,120,0.9575072818895674,62.0,"Grand Rapids-Muskegon-Holland, MI",62.0_0,MI,suburban,DBSD Corporation,26092031,2033-06-14,,,2400.0,2410.0,No_Conflicts
T070272045,10,-121.72366572965404,38.33492633429414,120,1.4528983752571687,163.0,"San Francisco-Oakland-San Jose, CA",163.0_0,CA,rural,DBSD Corporation,26092031,2033-06-14,,,2400.0,2410.0,No_Conflicts
T070272054,10,-92.26765890094572,33.48523505806627,120,-4.300683942905659,90.0,"Little Rock-North Little Rock, AR",90.0_0,AR,suburban,DBSD Corporation,26092031,2033-06-14,,,2400.0,2410.0,No_Conflicts
T070272044,10,-88.77091216736568,40.37572061238499,0,-2.3510455276326656,64.0,"Chicago-Gary-Kenosha, IL-IN-WI",64.0_0,XX,suburban,DBSD Corporation,26092031,2033-06-14,,,2400.0,2410.0,No_Conflicts
T070272042,10,-118.18906180328902,40.025348209212986,120,4.055247923296738,151.0,"Reno, NV-CA",151.0_0,XX,suburban,DBSD Corporation,26092031,2033-06-14,,,2400.0,2410.0,No_Conflicts
T070272041,10,-99.4909785273436,28.673543526896097,0,-1.6277286724457962,134.0,"San Antonio, TX",134.0_0,TX,rural,DBSD Corporation,26092031,2033-06-14,,,2400.0,2410.0,No_Conflicts
T070272040,10,-92.88960765416586,41.12914684425244,0,1.0321941021337224,100.0,"Des Moines, IA-IL-MO",100.0_0,XX,rural,DBSD Corporation,26092031,2033-06-14,,,2400.0,2410.0,No_Conflicts
T070272039,10,-88.45820311507174,41.09851172758492,0,3.1870705711923275,64.0,"Chicago-Gary-Kenosha, IL-IN-WI",64.0_0,XX,suburban,DBSD Corporation,26092031,2033-06-14,,,2400.0,2410.0,No_Conflicts
T070272038,10,-104.18483450986948,37.21762462174048,0,-1.5890997552577946,140.0,"Pueblo, CO-NM",140.0_0,XX,suburban,DBSD Corporation,26092031,2033-06-14,,,2400.0,2410.0,No_Conflicts
T070272037,10,-78.07410933442316,35.45808968135573,120,-4.841789082344175,21.0,"Greenville, NC",21.0_0,NC,rural,DBSD Corporation,26092031,2033-06-14,,,2400.0,2410.0,No_Conflicts
T070272036,10,-98.40110051235312,25.892907909302007,0,2.245168513986181,,,nan_0,XX,suburban,DBSD Corporation,26092031,2033-06-14,,,2400.0,2410.0,No_Conflicts
T070272035,10,-103.29340449905528,32.88914683443453,120,-0.5420908542277108,136.0,"Hobbs, NM-TX",136.0_0,XX,rural,DBSD Corporation,26092031,2033-06-14,,,2400.0,2410.0,No_Conflicts
T070272043,10,-118.873166059172,45.59031450284072,0,2.7262272744938256,168.0,"Pendleton, OR-WA",168.0_0,XX,rural,DBSD Corporation,26092031,2033-06-14,,,2400.0,2410.0,No_Conflicts
T070272034,10,-85.53137206085655,43.26601162027303,120,-0.5728303322047292,62.0,"Grand Rapids-Muskegon-Holland, MI",62.0_0,MI,suburban,DBSD Corporation,26092031,2033-06-14,,,2400.0,2410.0,No_Conflicts
T070272055,10,-90.62343145461614,41.958629917683375,240,1.4016822382816605,102.0,"Davenport-Moline-Rock Island, IA-IL",102.0_0,XX,rural,DBSD Corporation,26092031,2033-06-14,,,2400.0,2410.0,No_Conflicts
T070272057,10,-115.56954046303557,36.52758675081377,120,0.9281199165342268,153.0,"Las Vegas, NV-AZ-UT",153.0_0,XX,suburban,DBSD Corporation,26092031,2033-06-14,,,2400.0,2410.0,No_Conflicts
T070272077,10,-91.14644304229871,35.01377659359396,240,-4.987633202405906,90.0,"Little Rock-North Little Rock, AR",90.0_0,AR,suburban,DBSD Corporation,26092031,2033-06-14,,,2400.0,2410.0,No_Conflicts
T070272076,10,-84.46937462978651,33.758012420210584,240,3.2180644390108686,40.0,"Atlanta, GA-AL-NC",40.0_0,XX,suburban,DBSD Corporation,26092031,2033-06-14,,,2400.0,2410.0,No_Conflicts
T070272075,10,-100.8247927783546,33.49897943827671,240,-0.7731088660381049,137.0,"Lubbock, TX",137.0_0,TX,rural,DBSD Corporation,26092031,2033-06-14,,,2400.0,2410.0,No_Conflicts
T070272074,10,-99.60156705618382,41.92703899235727,120,-0.9052214699479606,120.0,"Grand Island, NE",120.0_0,NE,rural,DBSD Corporation,26092031,2033-06-14,,,2400.0,2410.0,No_Conflicts
T070272073,10,-89.39414313510608,43.36893218102721,120,-3.2952206182608244,104.0,"Madison, WI-IL-IA",104.0_0,XX,suburban,DBSD Corporation,26092031,2033-06-14,,,2400.0,2410.0,No_Conflicts
T070272072,10,-104.4491128491278,37.44985079048497,120,2.5483781994084778,140.0,"Pueblo, CO-NM",140.0_0,XX,suburban,DBSD Corporation,26092031,2033-06-14,,,2400.0,2410.0,No_Conflicts
T070272071,10,-80.43591577800655,35.089993688100165,120,1.3496004559103314,23.0,"Charlotte-Gastonia-Rock Hill, NC-SC",23.0_0,XX,rural,DBSD Corporation,26092031,2033-06-14,,,2400.0,2410.0,No_Conflicts
T070272070,10,-88.08303400729247,37.75087744673678,0,4.616657359548132,96.0,"St. Louis, MO-IL",96.0_0,XX,suburban,DBSD Corporation,26092031,2033-06-14,,,2400.0,2410.0,No_Conflicts
T070272056,10,-124.42130366784323,43.82999535430988,120,-2.288525634998152,,,nan_0,XX,suburban,DBSD Corporation,26092031,2033-06-14,,,2400.0,2410.0,No_Conflicts
T070272069,10,-122.18158086703062,39.23230187877171,240,-4.112326058922315,164.0,"Sacramento-Yolo, CA",164.0_0,CA,suburban,DBSD Corporation,26092031,2033-06-14,,,2400.0,2410.0,No_Conflicts
T070272067,10,-75.3286542223372,42.86048551916458,0,-1.664304505277996,6.0,"Syracuse, NY-PA",6.0_0,XX,suburban,DBSD Corporation,26092031,2033-06-14,,,2400.0,2410.0,No_Conflicts
T070272066,10,-95.75958019849492,41.22502121031783,120,-0.5364764880235784,118.0,"Omaha, NE-IA-MO",118.0_0,XX,suburban,DBSD Corporation,26092031,2033-06-14,,,2400.0,2410.0,No_Conflicts
T070272065,10,-73.5863810914114,41.35534061757747,0,4.95480490704257,10.0,"New York-No. New Jer.-Long Island, NY-NJ-CT-PA-MA-VT",10.0_0,XX,rural,DBSD Corporation,26092031,2033-06-14,,,2400.0,2410.0,No_Conflicts
T070272063,10,-89.91243417508352,40.1197392020008,240,-1.2152357651413093,97.0,"Springfield, IL-MO",97.0_0,XX,rural,DBSD Corporation,26092031,2033-06-14,,,2400.0,2410.0,No_Conflicts
T070272062,10,-108.3969476198362,37.189201925446056,240,-4.476611242134917,155.0,"Farmington, NM-CO",155.0_0,XX,rural,DBSD Corporation,26092031,2033-06-14,,,2400.0,2410.0,No_Conflicts
T070272061,10,-105.0000840367466,32.46835077940127,0,-3.0967513718093223,157.0,"El Paso, TX-NM",157.0_0,XX,rural,DBSD Corporation,26092031,2033-06-14,,,2400.0,2410.0,No_Conflicts
T070272060,10,-82.71827984832811,35.286665710927025,240,-0.4314135511963135,42.0,"Asheville, NC",42.0_0,NC,rural,DBSD Corporation,26092031,2033-06-14,,,2400.0,2410.0,No_Conflicts
T070272059,10,-98.45341081485832,28.42538947676688,0,-2.6917081084598795,132.0,"Corpus Christi, TX",132.0_0,TX,rural,DBSD Corporation,26092031,2033-06-14,,,2400.0,2410.0,No_Conflicts
T070272068,10,145.59359218141677,15.263398275233776,240,0.8047500671667462,,,nan_0,XX,suburban,DBSD Corporation,26092031,2033-06-14,,,2400.0,2410.0,No_Conflicts
T070272078,10,-113.4497905727614,42.501810538269865,240,-1.9914689164674493,149.0,"Twin Falls, ID",149.0_0,ID,rural,DBSD Corporation,26092031,2033-06-14,,,2400.0,2410.0,No_Conflicts
T070272033,10,-96.82690451131948,46.86134554544097,0,1.7584124508737595,113.0,"Fargo-Moorhead, ND-MN",113.0_0,XX,suburban,DBSD Corporation,26092031,2033-06-14,,,2400.0,2410.0,No_Conflicts
T070272030,10,-92.8686820730714,36.9112877949378,240,-3.5822560647289814,94.0,"Springfield, MO",94.0_0,MO,rural,DBSD Corporation,26092031,2033-06-14,,,2400.0,2410.0,No_Conflicts
T070272007,10,-94.53826255112278,37.37320976249095,0,0.5663705793671721,93.0,"Joplin, MO-KS-OK",93.0_0,XX,rural,DBSD Corporation,26092031,2033-06-14,,,2400.0,2410.0,No_Conflicts
T070272006,10,-79.05246348673404,34.514647248161694,240,2.6994470025167896,22.0,"Fayetteville, NC",22.0_0,NC,rural,DBSD Corporation,26092031,2033-06-14,,,2400.0,2410.0,No_Conflicts
T070272005,10,-88.20326720662467,31.526636735062723,120,4.058911047877604,80.0,"Mobile, AL",80.0_0,AL,rural,DBSD Corporation,26092031,2033-06-14,,,2400.0,2410.0,No_Conflicts
T070272004,10,-103.54795344458724,45.037846583686616,0,-1.392274808894002,115.0,"Rapid City, SD-MT-NE-ND",115.0_0,XX,rural,DBSD Corporation,26092031,2033-06-14,,,2400.0,2410.0,No_Conflicts
T070272003,10,-100.04003864808098,35.98630251194999,0,-3.2522655717262285,138.0,"Amarillo, TX-NM",138.0_0,XX,suburban,DBSD Corporation,26092031,2033-06-14,,,2400.0,2410.0,No_Conflicts
T070272001,10,-111.15881334244492,47.88875140410827,120,2.937438503805163,145.0,"Great Falls, MT",145.0_0,MT,suburban,DBSD Corporation,26092031,2033-06-14,,,2400.0,2410.0,No_Conflicts
T060430176,15,-98.21615714165708,27.10376775988825,240,0.9353856912314722,132.0,"Corpus Christi, TX",132.0_0,TX,rural,Gamma Acquisition L.L.C.,21004817,2033-06-14,,,2400.0,2415.0,No_Conflicts
T060430175,15,-81.02570609818261,28.60560574562218,0,0.1517517033373163,30.0,"Orlando, FL",30.0_0,FL,suburban,Gamma Acquisition L.L.C.,21004817,2033-06-14,,,2400.0,2415.0,No_Conflicts
T070272008,10,-83.04213700531726,39.52470388690204,0,-2.443550021907277,51.0,"Columbus, OH",51.0_0,OH,suburban,DBSD Corporation,26092031,2033-06-14,,,2400.0,2410.0,No_Conflicts
T060430174,20,-122.82509255307194,43.0228056953018,120,1.3798520579329765,166.0,"Eugene-Springfield, OR-CA",166.0_0,XX,suburban,Liberty Mobile Puerto Rico Inc.,3473709,2033-06-14,,,2400.0,2420.0,No_Conflicts
T060430172,15,-85.06982778200995,40.697782223277954,120,-3.876956555887809,66.0,"Fort Wayne, IN",66.0_0,IN,rural,Gamma Acquisition L.L.C.,21004817,2033-06-14,,,2400.0,2415.0,No_Conflicts
T060430171,15,-123.15657103712007,43.09938010990231,0,0.2649919415378097,166.0,"Eugene-Springfield, OR-CA",166.0_0,XX,suburban,Gamma Acquisition L.L.C.,21004817,2033-06-14,,,2400.0,2415.0,No_Conflicts
T060430170,15,-104.0411805917756,42.33805211093146,240,-1.264903169616124,142.0,"Scottsbluff, NE-WY",142.0_0,XX,suburban,Gamma Acquisition L.L.C.,21004817,2033-06-14,,,2400.0,2415.0,No_Conflicts
T060430169,15,-82.87588976031643,37.24444123942342,120,3.1574864350428093,47.0,"Lexington, KY-TN-VA-WV",47.0_0,XX,suburban,Gamma Acquisition L.L.C.,21004817,2033-06-14,,,2400.0,2415.0,No_Conflicts
T060430168,15,-79.48889229654053,42.31175876980665,120,-4.129610374123414,8.0,"Buffalo-Niagara Falls, NY-PA",8.0_0,XX,suburban,Gamma Acquisition L.L.C.,21004817,2033-06-14,,,2400.0,2415.0,No_Conflicts
T060430167,15,-96.66202380832254,41.89375267159008,0,-0.7547257480363809,118.0,"Omaha, NE-IA-MO",118.0_0,XX,suburban,Gamma Acquisition L.L.C.,21004817,2033-06-14,,,2400.0,2415.0,No_Conflicts
T060430166,15,-81.49352328044421,26.04306096397556,240,4.177524891713773,32.0,"Fort Myers-Cape Coral, FL",32.0_0,FL,rural,Gamma Acquisition L.L.C.,21004817,2033-06-14,,,2400.0,2415.0,No_Conflicts
T060430165,15,-72.93711275621223,43.82923487896592,120,-3.147715534525904,4.0,"Burlington, VT-NY",4.0_0,XX,suburban,Gamma Acquisition L.L.C.,21004817,2033-06-14,,,2400.0,2415.0,No_Conflicts
T060430173,15,-94.34835439232114,34.92333034283657,0,-4.974159851550176,91.0,"Fort Smith, AR-OK",91.0_0,XX,rural,Gamma Acquisition L.L.C.,21004817,2033-06-14,,,2400.0,2415.0,No_Conflicts
T070272031,10,-90.3970620092554,36.479543154362375,120,-2.254597459998746,95.0,"Jonesboro, AR-MO",95.0_0,XX,rural,DBSD Corporation,26092031,2033-06-14,,,2400.0,2410.0,No_Conflicts
T070272009,10,-113.30690955434932,44.03782857767472,0,-1.9793949816520493,148.0,"Idaho Falls, ID-WY",148.0_0,XX,rural,DBSD Corporation,26092031,2033-06-14,,,2400.0,2410.0,No_Conflicts
T070272011,10,-87.61206769777893,32.97425181609585,120,3.511742608527708,78.0,"Birmingham, AL",78.0_0,AL,suburban,DBSD Corporation,26092031,2033-06-14,,,2400.0,2410.0,No_Conflicts
T070272029,10,-82.19932911318116,26.054288250522102,120,-4.415453858914461,176.0,Gulf of Mexico,176.0_0,XX,suburban,DBSD Corporation,26092031,2033-06-14,,,2400.0,2410.0,No_Conflicts
T070272028,10,-88.10780256345366,46.07182517267948,0,1.3201548602041848,59.0,"Green Bay, WI-MI",59.0_0,XX,rural,DBSD Corporation,26092031,2033-06-14,,,2400.0,2410.0,No_Conflicts
T070272027,10,-80.92111487787797,33.29006791068637,0,-2.431161523542852,24.0,"Columbia, SC",24.0_0,SC,rural,DBSD Corporation,26092031,2033-06-14,,,2400.0,2410.0,No_Conflicts
T070272026,10,-90.93032494709963,29.41518066136038,0,1.3796079331597009,83.0,"New Orleans, LA-MS",83.0_0,XX,suburban,DBSD Corporation,26092031,2033-06-14,,,2400.0,2410.0,No_Conflicts
T070272025,10,-81.36812555046842,28.837759330361276,240,-2.938138354815736,30.0,"Orlando, FL",30.0_0,FL,suburban,DBSD Corporation,26092031,2033-06-14,,,2400.0,2410.0,No_Conflicts
T070272024,10,-91.2653692358591,47.28793509477058,120,-2.6975383157213004,109.0,"Duluth-Superior, MN-WI",109.0_0,XX,suburban,DBSD Corporation,26092031,2033-06-14,,,2400.0,2410.0,No_Conflicts
T070272023,10,-78.49345843982425,34.36389321857874,240,-1.87728213951204,25.0,"Wilmington, NC-SC",25.0_0,XX,suburban,DBSD Corporation,26092031,2033-06-14,,,2400.0,2410.0,No_Conflicts
T070272022,10,-84.28743582787578,35.471179916148614,0,-3.215540347722279,43.0,"Chattanooga, TN-GA",43.0_0,XX,rural,DBSD Corporation,26092031,2033-06-14,,,2400.0,2410.0,No_Conflicts
T070272010,10,-75.76439853390902,39.303466887311416,120,2.3195806758563453,13.0,"Washington-Baltimore, DC-MD-VA-WV-PA",13.0_0,XX,suburban,DBSD Corporation,26092031,2033-06-14,,,2400.0,2410.0,No_Conflicts
T070272021,10,-81.78607860106632,31.684701188618597,120,0.3535810184266088,28.0,"Savannah, GA-SC",28.0_0,XX,suburban,DBSD Corporation,26092031,2033-06-14,,,2400.0,2410.0,No_Conflicts
T070272019,10,-79.2315070226817,34.86665430013717,0,3.6925962465105258,22.0,"Fayetteville, NC",22.0_0,NC,rural,DBSD Corporation,26092031,2033-06-14,,,2400.0,2410.0,No_Conflicts
T070272018,10,-115.94951362355464,40.470304432813705,0,-2.647644151980152,151.0,"Reno, NV-CA",151.0_0,XX,suburban,DBSD Corporation,26092031,2033-06-14,,,2400.0,2410.0,No_Conflicts
T070272017,10,-92.3519222267108,47.20768751230822,240,-3.4701619917143733,109.0,"Duluth-Superior, MN-WI",109.0_0,XX,suburban,DBSD Corporation,26092031,2033-06-14,,,2400.0,2410.0,No_Conflicts
T070272016,10,-81.77605425028933,31.1294101623048,120,-0.7605518708669798,29.0,"Jacksonville, FL-GA",29.0_0,XX,rural,DBSD Corporation,26092031,2033-06-14,,,2400.0,2410.0,No_Conflicts
T070272015,10,-83.71181239827736,36.28843585256052,240,-3.5029603204304225,44.0,"Knoxville, TN",44.0_0,TN,rural,DBSD Corporation,26092031,2033-06-14,,,2400.0,2410.0,No_Conflicts
T070272014,10,-68.7893735624659,45.298974287193566,240,2.6665613520040594,1.0,"Bangor, ME",1.0_0,ME,suburban,DBSD Corporation,26092031,2033-06-14,,,2400.0,2410.0,No_Conflicts
T070272013,10,-83.98516669065489,40.99962519750079,120,3.095299757684417,56.0,"Toledo, OH",56.0_0,OH,rural,DBSD Corporation,26092031,2033-06-14,,,2400.0,2410.0,No_Conflicts
T070272012,10,-79.95621912277394,33.59468487911907,120,1.7142466953061444,25.0,"Wilmington, NC-SC",25.0_0,XX,suburban,DBSD Corporation,26092031,2033-06-14,,,2400.0,2410.0,No_Conflicts
T070272020,10,-77.68774109693229,37.18097781587013,0,-0.2710803436681788,15.0,"Richmond-Petersburg, VA",15.0_0,VA,rural,DBSD Corporation,26092031,2033-06-14,,,2400.0,2410.0,No_Conflicts
T070272079,10,-83.4211480548206,41.968790456502425,240,4.812363743443038,57.0,"Detroit-Ann Arbor-Flint, MI",57.0_0,MI,rural,DBSD Corporation,26092031,2033-06-14,,,2400.0,2410.0,No_Conflicts
T070272081,10,-119.31710026084184,36.96969031890442,120,-1.1747371975599172,162.0,"Fresno, CA",162.0_0,CA,rural,DBSD Corporation,26092031,2033-06-14,,,2400.0,2410.0,No_Conflicts
T070272082,10,-90.09917501455008,45.62008584035794,120,-3.8017099798235368,108.0,"Wausau, WI",108.0_0,WI,suburban,DBSD Corporation,26092031,2033-06-14,,,2400.0,2410.0,No_Conflicts
T070272148,10,-73.6182126160351,44.91332887952813,240,0.9429075056177468,4.0,"Burlington, VT-NY",4.0_0,XX,suburban,DBSD Corporation,26092031,2033-06-14,,,2400.0,2410.0,No_Conflicts
T070272147,10,-89.33678945897555,45.62250629726408,120,-3.77964947875605,108.0,"Wausau, WI",108.0_0,WI,suburban,DBSD Corporation,26092031,2033-06-14,,,2400.0,2410.0,No_Conflicts
T070272146,10,-90.52496170596947,46.1025621790686,240,2.767236304716927,108.0,"Wausau, WI",108.0_0,WI,suburban,DBSD Corporation,26092031,2033-06-14,,,2400.0,2410.0,No_Conflicts
T070272145,10,-91.65582144467768,41.616563391247055,120,-4.20034605640698,103.0,"Cedar Rapids, IA",103.0_0,IA,rural,DBSD Corporation,26092031,2033-06-14,,,2400.0,2410.0,No_Conflicts
T070272144,10,-98.40264208054155,44.46910315528378,120,-2.674486416346199,116.0,"Sioux Falls, SD-IA-MN-NE",116.0_0,XX,suburban,DBSD Corporation,26092031,2033-06-14,,,2400.0,2410.0,No_Conflicts
T070272143,10,-102.48028977018902,44.36252566939332,240,0.0610755484675085,115.0,"Rapid City, SD-MT-NE-ND",115.0_0,XX,rural,DBSD Corporation,26092031,2033-06-14,,,2400.0,2410.0,No_Conflicts
T070272142,10,-75.36491640305002,37.88817012120138,120,-0.217659769519277,14.0,"Salisbury, MD-DE-VA",14.0_0,XX,rural,DBSD Corporation,26092031,2033-06-14,,,2400.0,2410.0,No_Conflicts
T070272141,10,-79.21022492596714,38.26827466600203,120,-3.782380888747252,16.0,"Staunton, VA-WV",16.0_0,XX,suburban,DBSD Corporation,26092031,2033-06-14,,,2400.0,2410.0,No_Conflicts
T070272149,10,-116.6011593112581,33.478767190027554,240,4.364491738836605,160.0,"Los Angeles-Riverside-Orange County, CA-AZ",160.0_0,XX,suburban,DBSD Corporation,26092031,2033-06-14,,,2400.0,2410.0,No_Conflicts
T070272140,10,-92.7072045198923,47.65778587021214,0,1.663068858350397,109.0,"Duluth-Superior, MN-WI",109.0_0,XX,suburban,DBSD Corporation,26092031,2033-06-14,,,2400.0,2410.0,No_Conflicts
T070272138,10,-96.3831968324645,41.45301422892876,0,4.527975276012944,118.0,"Omaha, NE-IA-MO",118.0_0,XX,suburban,DBSD Corporation,26092031,2033-06-14,,,2400.0,2410.0,No_Conflicts
T070272137,10,-84.93877169660422,43.23483616019462,240,-1.8246855212326296,62.0,"Grand Rapids-Muskegon-Holland, MI",62.0_0,MI,suburban,DBSD Corporation,26092031,2033-06-14,,,2400.0,2410.0,No_Conflicts
T070272136,10,-84.91700004467107,38.91710846073093,0,3.293324051412837,49.0,"Cincinnati-Hamilton, OH-KY-IN",49.0_0,XX,suburban,DBSD Corporation,26092031,2033-06-14,,,2400.0,2410.0,No_Conflicts
T070272135,10,-156.53941324911116,19.935006804276465,120,3.9826162729270607,,,nan_0,XX,suburban,DBSD Corporation,26092031,2033-06-14,,,2400.0,2410.0,No_Conflicts
T070272134,10,-84.31756544044084,30.7416158235509,120,-3.608019753824702,35.0,"Tallahassee, FL-GA",35.0_0,XX,rural,DBSD Corporation,26092031,2033-06-14,,,2400.0,2410.0,No_Conflicts
T070272133,10,-152.7852305300264,65.3955926375563,0,1.0637094443337558,171.0,"Anchorage, AK",171.0_0,AK,rural,DBSD Corporation,26092031,2033-06-14,,,2400.0,2410.0,No_Conflicts
T070272132,10,-84.32223202150709,34.87855346139306,0,-1.8627230880590395,40.0,"Atlanta, GA-AL-NC",40.0_0,XX,suburban,DBSD Corporation,26092031,2033-06-14,,,2400.0,2410.0,No_Conflicts
T070272131,10,-112.34772278885342,35.79181593522406,120,-0.2064555986214822,154.0,"Flagstaff, AZ-UT",154.0_0,XX,rural,DBSD Corporation,26092031,2033-06-14,,,2400.0,2410.0,No_Conflicts
T070272139,10,-91.3398431235503,33.046046922262526,120,3.2520076741556814,90.0,"Little Rock-North Little Rock, AR",90.0_0,AR,suburban,DBSD Corporation,26092031,2033-06-14,,,2400.0,2410.0,No_Conflicts
T070272130,10,-85.4567203720834,30.62751253031841,240,0.7516335049662493,36.0,"Dothan, AL-FL-GA",36.0_0,XX,suburban,DBSD Corporation,26092031,2033-06-14,,,2400.0,2410.0,No_Conflicts
T070272150,10,-99.93485594807775,34.46565840515222,120,3.761051925980425,127.0,"Dallas-Fort Worth, TX-AR-OK",127.0_0,XX,rural,DBSD Corporation,26092031,2033-06-14,,,2400.0,2410.0,No_Conflicts
T070272152,10,-96.59093459596076,39.8250880656268,0,3.5144863755126536,123.0,"Topeka, KS",123.0_0,KS,suburban,DBSD Corporation,26092031,2033-06-14,,,2400.0,2410.0,No_Conflicts
T070272174,20,-82.78343289705647,32.00266995239774,120,-2.711053951533864,38.0,"Macon, GA",38.0_0,GA,rural,Liberty Mobile Puerto Rico Inc.,3473709,2033-06-14,,,2400.0,2420.0,No_Conflicts
T070272173,10,-105.68649162301264,35.47611698370165,120,1.3318962601346405,139.0,"Santa Fe, NM",139.0_0,NM,rural,DBSD Corporation,26092031,2033-06-14,,,2400.0,2410.0,No_Conflicts
T070272172,10,-114.71092255225744,37.23393560442052,0,1.18051674287186,153.0,"Las Vegas, NV-AZ-UT",153.0_0,XX,suburban,DBSD Corporation,26092031,2033-06-14,,,2400.0,2410.0,No_Conflicts
T070272171,10,-86.4839087775955,38.8862965830525,0,1.9161805556931932,67.0,"Indianapolis, IN-IL",67.0_0,XX,suburban,DBSD Corporation,26092031,2033-06-14,,,2400.0,2410.0,No_Conflicts
T070272168,10,-115.59872055344556,34.025266957006885,0,2.826960407441492,160.0,"Los Angeles-Riverside-Orange County, CA-AZ",160.0_0,XX,suburban,DBSD Corporation,26092031,2033-06-14,,,2400.0,2410.0,No_Conflicts
T070272167,10,-89.38697288128539,30.84371800969962,240,-4.253701856629183,83.0,"New Orleans, LA-MS",83.0_0,XX,suburban,DBSD Corporation,26092031,2033-06-14,,,2400.0,2410.0,No_Conflicts
T070272166,10,-78.61229624700114,40.08584586749113,120,-3.293352414500016,9.0,"State College, PA",9.0_0,PA,suburban,DBSD Corporation,26092031,2033-06-14,,,2400.0,2410.0,No_Conflicts
T070272165,10,-75.32314876690427,43.7823772061176,120,-0.6966282249107882,6.0,"Syracuse, NY-PA",6.0_0,XX,suburban,DBSD Corporation,26092031,2033-06-14,,,2400.0,2410.0,No_Conflicts
T070272151,10,-82.05366437063647,28.165816188830508,120,-2.2224737625073887,30.0,"Orlando, FL",30.0_0,FL,suburban,DBSD Corporation,26092031,2033-06-14,,,2400.0,2410.0,No_Conflicts
T070272164,10,-119.64371129791876,47.05725282471628,120,-2.026449517631611,169.0,"Richland-Kennewick-Pasco, WA",169.0_0,WA,rural,DBSD Corporation,26092031,2033-06-14,,,2400.0,2410.0,No_Conflicts
T070272160,10,-81.29835572701926,36.08728434754651,120,-2.8824464933452165,18.0,"Greensboro-Winston-Salem-High Point, NC-VA",18.0_0,XX,rural,DBSD Corporation,26092031,2033-06-14,,,2400.0,2410.0,No_Conflicts
T070272159,10,-95.45363285601172,36.31616794408633,240,-3.082175444081394,124.0,"Tulsa, OK-KS",124.0_0,XX,suburban,DBSD Corporation,26092031,2033-06-14,,,2400.0,2410.0,No_Conflicts
T070272158,10,-93.65225288679298,32.74053909311517,0,0.6444109067888251,88.0,"Shreveport-Bossier City, LA-AR",88.0_0,XX,rural,DBSD Corporation,26092031,2033-06-14,,,2400.0,2410.0,No_Conflicts
T070272157,10,-89.91213653710989,26.82382783020417,240,-1.1353915884085284,176.0,Gulf of Mexico,176.0_0,XX,suburban,DBSD Corporation,26092031,2033-06-14,,,2400.0,2410.0,No_Conflicts
T070272156,10,-88.0353019795461,40.44769616030353,0,-1.352017808554705,68.0,"Champaign-Urbana, IL",68.0_0,IL,suburban,DBSD Corporation,26092031,2033-06-14,,,2400.0,2410.0,No_Conflicts
T070272155,10,-72.55172658306829,43.01727419405652,120,1.0255316384286497,3.0,"Boston-Worcester-Lawrence-Lowell-Brockton, MA-NH-RI-VT",3.0_0,XX,rural,DBSD Corporation,26092031,2033-06-14,,,2400.0,2410.0,No_Conflicts
T070272154,10,-90.83501711877594,41.93193911530707,0,-4.823121903867428,102.0,"Davenport-Moline-Rock Island, IA-IL",102.0_0,XX,rural,DBSD Corporation,26092031,2033-06-14,,,2400.0,2410.0,No_Conflicts
T070272153,10,-79.8422185539868,38.92804307743788,240,-4.996674938795106,13.0,"Washington-Baltimore, DC-MD-VA-WV-PA",13.0_0,XX,suburban,DBSD Corporation,26092031,2033-06-14,,,2400.0,2410.0,No_Conflicts
T070272163,10,-96.18580311988558,42.35308762546212,120,1.1949775140758767,117.0,"Sioux City, IA-NE-SD",117.0_0,XX,suburban,DBSD Corporation,26092031,2033-06-14,,,2400.0,2410.0,No_Conflicts
T070272129,10,-86.34241857298085,31.3704440527337,0,4.327307404762548,36.0,"Dothan, AL-FL-GA",36.0_0,XX,suburban,DBSD Corporation,26092031,2033-06-14,,,2400.0,2410.0,No_Conflicts
T070272128,10,-117.5401340039175,43.72688203492137,120,0.7304142893084933,150.0,"Boise City, ID-OR",150.0_0,XX,rural,DBSD Corporation,26092031,2033-06-14,,,2400.0,2410.0,No_Conflicts
T070272127,10,-78.655091368134,41.48843769841006,0,4.573228878945873,9.0,"State College, PA",9.0_0,PA,suburban,DBSD Corporation,26092031,2033-06-14,,,2400.0,2410.0,No_Conflicts
T070272101,10,-78.68884318612024,42.071790780268216,120,-1.5367823141099644,8.0,"Buffalo-Niagara Falls, NY-PA",8.0_0,XX,suburban,DBSD Corporation,26092031,2033-06-14,,,2400.0,2410.0,No_Conflicts
T070272100,10,-86.32180568187688,40.256374945130496,240,-1.190904744890128,67.0,"Indianapolis, IN-IL",67.0_0,XX,suburban,DBSD Corporation,26092031,2033-06-14,,,2400.0,2410.0,No_Conflicts
T070272099,10,-88.41727293219539,36.88323183205055,240,-1.583254981030792,72.0,"Paducah, KY-IL",72.0_0,XX,suburban,DBSD Corporation,26092031,2033-06-14,,,2400.0,2410.0,No_Conflicts
T070272098,10,-86.03257737610402,39.20270256846375,120,-2.7264269990390124,67.0,"Indianapolis, IN-IL",67.0_0,XX,suburban,DBSD Corporation,26092031,2033-06-14,,,2400.0,2410.0,No_Conflicts
T070272097,10,-93.965184897967,36.10956799267817,240,-3.8235097152644135,92.0,"Fayetteville-Springdale-Rogers, AR-MO-OK",92.0_0,XX,rural,DBSD Corporation,26092031,2033-06-14,,,2400.0,2410.0,No_Conflicts
T070272096,10,-81.25136347718289,40.657413574281705,0,-4.368909669208499,55.0,"Cleveland-Akron, OH-PA",55.0_0,XX,rural,DBSD Corporation,26092031,2033-06-14,,,2400.0,2410.0,No_Conflicts
T070272095,10,-96.6817050733802,48.36847961811506,0,-3.4069597938101968,110.0,"Grand Forks, ND-MN",110.0_0,XX,rural,DBSD Corporation,26092031,2033-06-14,,,2400.0,2410.0,No_Conflicts
T070272094,10,-81.56896045884434,41.30762952588427,0,0.068384318204826,55.0,"Cleveland-Akron, OH-PA",55.0_0,XX,rural,DBSD Corporation,26092031,2033-06-14,,,2400.0,2410.0,No_Conflicts
T070272102,10,-86.37792021743002,33.764576622322764,0,-2.609446678027344,78.0,"Birmingham, AL",78.0_0,AL,suburban,DBSD Corporation,26092031,2033-06-14,,,2400.0,2410.0,No_Conflicts
T070272093,10,-88.52431492239513,43.01799137797302,240,1.084864126597913,63.0,"Milwaukee-Racine, WI",63.0_0,WI,suburban,DBSD Corporation,26092031,2033-06-14,,,2400.0,2410.0,No_Conflicts
T070272091,10,-79.47340450786369,35.59471768828244,120,2.87901988292265,19.0,"Raleigh-Durham-Chapel Hill, NC",19.0_0,NC,rural,DBSD Corporation,26092031,2033-06-14,,,2400.0,2410.0,No_Conflicts
T070272090,10,-109.1253480219868,32.43365398444214,240,-2.429527335679201,158.0,"Phoenix-Mesa, AZ-NM",158.0_0,XX,rural,DBSD Corporation,26092031,2033-06-14,,,2400.0,2410.0,No_Conflicts
T070272088,10,-69.31555937510272,44.88060959420237,120,1.7155844361303725,1.0,"Bangor, ME",1.0_0,ME,suburban,DBSD Corporation,26092031,2033-06-14,,,2400.0,2410.0,No_Conflicts
T070272087,10,-88.3746464677173,43.45502430288401,0,-2.563432839361334,63.0,"Milwaukee-Racine, WI",63.0_0,WI,suburban,DBSD Corporation,26092031,2033-06-14,,,2400.0,2410.0,No_Conflicts
T070272086,10,-84.39177044537978,38.47696811586443,240,2.685998047885084,47.0,"Lexington, KY-TN-VA-WV",47.0_0,XX,suburban,DBSD Corporation,26092031,2033-06-14,,,2400.0,2410.0,No_Conflicts
T070272085,10,-117.44718903851216,43.0491722116214,240,2.371802250072431,150.0,"Boise City, ID-OR",150.0_0,XX,rural,DBSD Corporation,26092031,2033-06-14,,,2400.0,2410.0,No_Conflicts
T070272084,10,-92.80856388620732,31.990502412937406,240,-4.799736440741755,88.0,"Shreveport-Bossier City, LA-AR",88.0_0,XX,rural,DBSD Corporation,26092031,2033-06-14,,,2400.0,2410.0,No_Conflicts
T070272083,10,-80.36956725956824,34.00992865465217,120,4.741646286280156,24.0,"Columbia, SC",24.0_0,SC,rural,DBSD Corporation,26092031,2033-06-14,,,2400.0,2410.0,No_Conflicts
T070272092,10,-97.10144419339017,45.86190425250248,120,3.646861920335402,116.0,"Sioux Falls, SD-IA-MN-NE",116.0_0,XX,suburban,DBSD Corporation,26092031,2033-06-14,,,2400.0,2410.0,No_Conflicts
T070272103,10,-106.6408805003134,45.672823904186245,0,0.0972424675169811,144.0,"Billings, MT-WY",144.0_0,XX,suburban,DBSD Corporation,26092031,2033-06-14,,,2400.0,2410.0,No_Conflicts
T070272104,10,-103.26216823250137,41.84025316127524,240,3.252861082328968,142.0,"Scottsbluff, NE-WY",142.0_0,XX,suburban,DBSD Corporation,26092031,2033-06-14,,,2400.0,2410.0,No_Conflicts
T070272106,10,-92.85458029243588,31.038108681867456,240,4.423870191022331,86.0,"Lake Charles, LA",86.0_0,LA,suburban,DBSD Corporation,26092031,2033-06-14,,,2400.0,2410.0,No_Conflicts
T070272126,10,-121.85340845380502,39.61864061661653,240,-2.763855655036888,164.0,"Sacramento-Yolo, CA",164.0_0,CA,suburban,DBSD Corporation,26092031,2033-06-14,,,2400.0,2410.0,No_Conflicts
T070272125,10,-85.83894246179302,31.90162674938416,0,-3.462088503319689,79.0,"Montgomery, AL",79.0_0,AL,rural,DBSD Corporation,26092031,2033-06-14,,,2400.0,2410.0,No_Conflicts
T070272124,10,-79.86975523966498,41.73999369910184,240,-4.771061750238798,54.0,"Erie, PA",54.0_0,PA,rural,DBSD Corporation,26092031,2033-06-14,,,2400.0,2410.0,No_Conflicts
T070272123,10,-100.30269217001292,37.65921691470368,240,-1.7747202215358482,122.0,"Wichita, KS-OK",122.0_0,XX,rural,DBSD Corporation,26092031,2033-06-14,,,2400.0,2410.0,No_Conflicts
T070272122,10,-102.39116170593783,35.72632335610728,120,3.187350040742702,138.0,"Amarillo, TX-NM",138.0_0,XX,suburban,DBSD Corporation,26092031,2033-06-14,,,2400.0,2410.0,No_Conflicts
T070272121,10,-75.53700531975802,41.05138532160438,0,-2.8801750909776147,10.0,"New York-No. New Jer.-Long Island, NY-NJ-CT-PA-MA-VT",10.0_0,XX,rural,DBSD Corporation,26092031,2033-06-14,,,2400.0,2410.0,No_Conflicts
T070272120,10,-90.44771749157128,34.013989443403936,0,-3.587219507244942,76.0,"Greenville, MS",76.0_0,MS,rural,DBSD Corporation,26092031,2033-06-14,,,2400.0,2410.0,No_Conflicts
T070272119,10,-80.04044615594157,35.84588054644544,240,2.2142206732873166,18.0,"Greensboro-Winston-Salem-High Point, NC-VA",18.0_0,XX,rural,DBSD Corporation,26092031,2033-06-14,,,2400.0,2410.0,No_Conflicts
T070272118,10,-86.59528206560668,38.360997140720016,240,0.3248119255942612,70.0,"Louisville, KY-IN",70.0_0,XX,rural,DBSD Corporation,26092031,2033-06-14,,,2400.0,2410.0,No_Conflicts
T070272117,10,-72.74140756186777,44.96726861211722,120,1.7430380640904843,4.0,"Burlington, VT-NY",4.0_0,XX,suburban,DBSD Corporation,26092031,2033-06-14,,,2400.0,2410.0,No_Conflicts
T070272116,10,-79.3325511896481,33.82800457090644,240,1.2795005277263582,25.0,"Wilmington, NC-SC",25.0_0,XX,suburban,DBSD Corporation,26092031,2033-06-14,,,2400.0,2410.0,No_Conflicts
T070272115,10,-75.10880930485442,38.71036729676263,240,0.397326187599428,14.0,"Salisbury, MD-DE-VA",14.0_0,XX,rural,DBSD Corporation,26092031,2033-06-14,,,2400.0,2410.0,No_Conflicts
T070272114,10,-100.12665647368117,32.139822420509546,0,-1.0282122257078896,128.0,"Abilene, TX",128.0_0,TX,rural,DBSD Corporation,26092031,2033-06-14,,,2400.0,2410.0,No_Conflicts
T070272113,10,-109.9244000967456,32.97172708642386,0,0.0115299918200975,158.0,"Phoenix-Mesa, AZ-NM",158.0_0,XX,rural,DBSD Corporation,26092031,2033-06-14,,,2400.0,2410.0,No_Conflicts
T070272112,10,-93.05379078645828,30.88382904859241,120,-1.0895723694182555,86.0,"Lake Charles, LA",86.0_0,LA,suburban,DBSD Corporation,26092031,2033-06-14,,,2400.0,2410.0,No_Conflicts
T070272111,10,-79.81024465581055,40.03326165190944,240,0.6657536217141855,53.0,"Pittsburgh, PA-WV",53.0_0,XX,suburban,DBSD Corporation,26092031,2033-06-14,,,2400.0,2410.0,No_Conflicts
T070272110,10,-123.571783081932,43.700419480952526,120,0.745873823177666,166.0,"Eugene-Springfield, OR-CA",166.0_0,XX,suburban,DBSD Corporation,26092031,2033-06-14,,,2400.0,2410.0,No_Conflicts
T070272108,10,-77.35134133283941,39.49005260349049,120,-3.382357886478904,13.0,"Washington-Baltimore, DC-MD-VA-WV-PA",13.0_0,XX,suburban,DBSD Corporation,26092031,2033-06-14,,,2400.0,2410.0,No_Conflicts
T070272107,10,-70.28356584851008,44.67659452853626,240,3.733366617238477,2.0,"Portland, ME",2.0_0,ME,rural,DBSD Corporation,26092031,2033-06-14,,,2400.0,2410.0,No_Conflicts
T060430164,15,-97.81344726882249,47.83783408839286,240,2.934072581478373,110.0,"Grand Forks, ND-MN",110.0_0,XX,rural,Gamma Acquisition L.L.C.,21004817,2033-06-14,,,2400.0,2415.0,No_Conflicts
T060430163,15,-80.07226524352008,39.282056471575885,120,-2.0472171077968992,53.0,"Pittsburgh, PA-WV",53.0_0,XX,suburban,Gamma Acquisition L.L.C.,21004817,2033-06-14,,,2400.0,2415.0,No_Conflicts
T060430162,15,-98.11620016085924,26.417421567998748,0,-3.1541487046296703,133.0,"McAllen-Edinburg-Mission, TX",133.0_0,TX,rural,Gamma Acquisition L.L.C.,21004817,2033-06-14,,,2400.0,2415.0,No_Conflicts
T060430161,15,-100.20364729353317,31.66814653002536,0,2.997810954240217,129.0,"San Angelo, TX",129.0_0,TX,suburban,Gamma Acquisition L.L.C.,21004817,2033-06-14,,,2400.0,2415.0,No_Conflicts
T060430043,15,-155.4030030588085,19.294500405962943,120,-3.966910428759843,172.0,"Honolulu, HI",172.0_0,HI,rural,Gamma Acquisition L.L.C,21004817,2033-06-14,,,2400.0,2415.0,No_Conflicts
T060430042,15,-100.6622303563436,30.501632616600705,240,-4.114444157767586,129.0,"San Angelo, TX",129.0_0,TX,suburban,Gamma Acquisition L.L.C,21004817,2033-06-14,,,2400.0,2415.0,No_Conflicts
T060430041,15,-97.94536980125196,46.85651682611597,240,-3.199895625272765,113.0,"Fargo-Moorhead, ND-MN",113.0_0,XX,suburban,Gamma Acquisition L.L.C,21004817,2033-06-14,,,2400.0,2415.0,No_Conflicts
T060430040,15,-75.49684928349124,39.06565352261073,120,-2.7529882302732,12.0,"Philadelphia-Wilmington-Atl. City, PA-NJ-DE-MD",12.0_0,XX,suburban,Gamma Acquisition L.L.C,21004817,2033-06-14,,,2400.0,2415.0,No_Conflicts
T060430039,15,-97.73222845964484,46.884911145913975,0,1.400029668369137,113.0,"Fargo-Moorhead, ND-MN",113.0_0,XX,suburban,Gamma Acquisition L.L.C,21004817,2033-06-14,,,2400.0,2415.0,No_Conflicts
T060430038,15,-88.01417861421439,44.99698496681304,240,-4.48303162758473,59.0,"Green Bay, WI-MI",59.0_0,XX,rural,Gamma Acquisition L.L.C,21004817,2033-06-14,,,2400.0,2415.0,No_Conflicts
T060430037,15,-83.08788108137546,39.39553955595756,120,-2.688690875723534,51.0,"Columbus, OH",51.0_0,OH,suburban,Gamma Acquisition L.L.C,21004817,2033-06-14,,,2400.0,2415.0,No_Conflicts
T060430044,15,-88.47606726794012,39.29611414470768,120,0.8467070044258875,68.0,"Champaign-Urbana, IL",68.0_0,IL,suburban,Gamma Acquisition L.L.C,21004817,2033-06-14,,,2400.0,2415.0,No_Conflicts
T060430036,15,-108.86093547890084,36.77696898472373,120,-3.7702919147037326,155.0,"Farmington, NM-CO",155.0_0,XX,rural,Gamma Acquisition L.L.C,21004817,2033-06-14,,,2400.0,2415.0,No_Conflicts
T060430034,15,-100.570929829103,29.980624252704587,240,-4.6581223406084185,129.0,"San Angelo, TX",129.0_0,TX,suburban,Gamma Acquisition L.L.C,21004817,2033-06-14,,,2400.0,2415.0,No_Conflicts
T060430033,15,-89.11430475158048,33.80299600206482,240,0.3990583950221253,75.0,"Tupelo, MS-AL-TN",75.0_0,XX,suburban,Gamma Acquisition L.L.C,21004817,2033-06-14,,,2400.0,2415.0,No_Conflicts
T060430032,15,-81.67017447614779,31.52610474962286,0,0.5814024959386286,28.0,"Savannah, GA-SC",28.0_0,XX,suburban,Gamma Acquisition L.L.C,21004817,2033-06-14,,,2400.0,2415.0,No_Conflicts
T060430031,15,-81.00509110009402,32.38985074525563,120,3.6421617767416894,28.0,"Savannah, GA-SC",28.0_0,XX,suburban,Gamma Acquisition L.L.C,21004817,2033-06-14,,,2400.0,2415.0,No_Conflicts
T060430030,15,-115.90509764726713,34.77010273689216,0,-0.5363135348741448,160.0,"Los Angeles-Riverside-Orange County, CA-AZ",160.0_0,XX,suburban,Gamma Acquisition L.L.C,21004817,2033-06-14,,,2400.0,2415.0,No_Conflicts
T060430029,15,-107.94904709947056,42.977964708942245,240,2.053855941122036,143.0,"Casper, WY-ID-UT",143.0_0,XX,rural,Gamma Acquisition L.L.C,21004817,2033-06-14,,,2400.0,2415.0,No_Conflicts
T060430028,15,-90.47236309565024,38.18354960595164,0,2.817903298450294,96.0,"St. Louis, MO-IL",96.0_0,XX,suburban,Gamma Acquisition L.L.C,21004817,2033-06-14,,,2400.0,2415.0,No_Conflicts
T060430035,15,-98.84461197595604,43.516308056315225,240,4.866929803571615,116.0,"Sioux Falls, SD-IA-MN-NE",116.0_0,XX,suburban,Gamma Acquisition L.L.C,21004817,2033-06-14,,,2400.0,2415.0,No_Conflicts
T060430026,15,-77.90984103786691,36.94258389165041,120,-1.4326794695999832,15.0,"Richmond-Petersburg, VA",15.0_0,VA,rural,Gamma Acquisition L.L.C,21004817,2033-06-14,,,2400.0,2415.0,No_Conflicts
T060430045,15,-110.7080360444422,48.60853311302292,120,1.8820786586659544,145.0,"Great Falls, MT",145.0_0,MT,suburban,Gamma Acquisition L.L.C.,21004817,2033-06-14,,,2400.0,2415.0,No_Conflicts
T060430047,15,-107.71079536275506,46.63794989051036,0,-0.2010291840792675,144.0,"Billings, MT-WY",144.0_0,XX,suburban,Gamma Acquisition L.L.C.,21004817,2033-06-14,,,2400.0,2415.0,No_Conflicts
T060430064,15,-81.22914161651651,39.11766733298192,120,2.3082947487087635,48.0,"Charleston, WV-KY-OH",48.0_0,XX,rural,Gamma Acquisition L.L.C.,21004817,2033-06-14,,,2400.0,2415.0,No_Conflicts
T060430063,15,-116.73711291651826,32.842290139082884,240,-3.1165091623439856,161.0,"San Diego, CA",161.0_0,CA,suburban,Gamma Acquisition L.L.C.,21004817,2033-06-14,,,2400.0,2415.0,No_Conflicts
T060430062,15,-79.62041917477492,41.63285704772747,120,-3.376181053376791,54.0,"Erie, PA",54.0_0,PA,rural,Gamma Acquisition L.L.C.,21004817,2033-06-14,,,2400.0,2415.0,No_Conflicts
T060430061,15,-95.06897746963382,36.64975957018726,240,2.3289891834134178,124.0,"Tulsa, OK-KS",124.0_0,XX,suburban,Gamma Acquisition L.L.C.,21004817,2033-06-14,,,2400.0,2415.0,No_Conflicts
T060430060,15,-101.52610631847546,46.34255836893787,120,4.3981979192684175,112.0,"Bismarck, ND-MT-SD",112.0_0,XX,rural,Gamma Acquisition L.L.C.,21004817,2033-06-14,,,2400.0,2415.0,No_Conflicts
T070272175,10,-92.14025472042952,34.771239064001534,0,-2.6735446143731902,90.0,"Little Rock-North Little Rock, AR",90.0_0,AR,suburban,DBSD Corporation,26092031,2033-06-14,,,2400.0,2410.0,No_Conflicts
T060430058,15,-112.50960033745172,44.14076428202058,0,-3.672853461807226,148.0,"Idaho Falls, ID-WY",148.0_0,XX,rural,Gamma Acquisition L.L.C.,21004817,2033-06-14,,,2400.0,2415.0,No_Conflicts
T060430046,15,-98.19261831698294,44.13431281208043,0,-1.02621011535599,116.0,"Sioux Falls, SD-IA-MN-NE",116.0_0,XX,suburban,Gamma Acquisition L.L.C.,21004817,2033-06-14,,,2400.0,2415.0,No_Conflicts
T060430057,15,-93.6175990378636,39.49832813501048,120,-3.742584881933512,99.0,"Kansas City, MO-KS",99.0_0,XX,rural,Gamma Acquisition L.L.C.,21004817,2033-06-14,,,2400.0,2415.0,No_Conflicts
T060430055,15,-88.72648554411401,44.50682016170266,0,-1.5734651187908466,60.0,"Appleton-Oshkosh-Neenah, WI",60.0_0,WI,rural,Gamma Acquisition L.L.C.,21004817,2033-06-14,,,2400.0,2415.0,No_Conflicts
T060430053,15,-116.55279446912188,40.10870394712863,0,-2.4577542010250677,151.0,"Reno, NV-CA",151.0_0,XX,suburban,Gamma Acquisition L.L.C.,21004817,2033-06-14,,,2400.0,2415.0,No_Conflicts
T060430052,15,-90.47935714386244,42.631038684581895,240,0.8011222969546807,104.0,"Madison, WI-IL-IA",104.0_0,XX,suburban,Gamma Acquisition L.L.C.,21004817,2033-06-14,,,2400.0,2415.0,No_Conflicts
T060430051,15,-116.52067802369804,31.79910235968204,120,4.730977480703464,,,nan_0,XX,suburban,Gamma Acquisition L.L.C.,21004817,2033-06-14,,,2400.0,2415.0,No_Conflicts
T060430050,15,-117.07321841191576,47.03470312373419,0,-1.7686934292972143,147.0,"Spokane, WA-ID",147.0_0,XX,rural,Gamma Acquisition L.L.C.,21004817,2033-06-14,,,2400.0,2415.0,No_Conflicts
T060430049,15,-121.36089965444629,38.90905006989634,120,-4.826202098145203,164.0,"Sacramento-Yolo, CA",164.0_0,CA,suburban,Gamma Acquisition L.L.C.,21004817,2033-06-14,,,2400.0,2415.0,No_Conflicts
T060430048,15,-85.38564917024318,38.30081004469679,240,1.859677359829841,70.0,"Louisville, KY-IN",70.0_0,XX,rural,Gamma Acquisition L.L.C.,21004817,2033-06-14,,,2400.0,2415.0,No_Conflicts
T060430056,15,-117.4365786207797,34.95359982646141,240,0.3224498882629909,160.0,"Los Angeles-Riverside-Orange County, CA-AZ",160.0_0,XX,suburban,Gamma Acquisition L.L.C.,21004817,2033-06-14,,,2400.0,2415.0,No_Conflicts
T060430025,15,-101.8725707346722,41.53483097839855,240,1.0553815764488288,121.0,"North Platte, NE-CO",121.0_0,XX,rural,Gamma Acquisition L.L.C,21004817,2033-06-14,,,2400.0,2415.0,No_Conflicts
T060430024,15,-90.43273272393084,41.07003194527782,240,-1.2064141007757625,101.0,"Peoria-Pekin, IL",101.0_0,IL,rural,Gamma Acquisition L.L.C,21004817,2033-06-14,,,2400.0,2415.0,No_Conflicts
T060430023,15,-155.96812273115603,20.412736707429048,120,-1.4074925208375442,,,nan_0,XX,suburban,Gamma Acquisition L.L.C,21004817,2033-06-14,,,2400.0,2415.0,No_Conflicts
L000055853,20,-91.97899907773017,42.10541757182478,0,0.9291839983178188,103.0,"Cedar Rapids, IA",103.0_0,IA,rural,Liberty Mobile Puerto Rico Inc.,3473709,2025-06-14,,,2400.0,2420.0,No_Conflicts
T070272109,10,-96.4121228375742,39.76242745509381,120,2.8627595675709454,123.0,"Topeka, KS",123.0_0,KS,suburban,DBSD Corporation,26092031,2033-06-14,,,2400.0,2410.0,Global_Optimization
T070272162,10,-88.38341971690753,37.19463003704823,240,2.5425354434386307,72.0,"Paducah, KY-IL",72.0_0,XX,suburban,DBSD Corporation,26092031,2033-06-14,,,2400.0,2410.0,Global_Optimization
T070272058,10,-79.79794611035757,40.46705080478811,240,1.801319311034514,53.0,"Pittsburgh, PA-WV",53.0_0,XX,suburban,DBSD Corporation,26092031,2033-06-14,,,2400.0,2410.0,Global_Optimization
T060430152,15,-93.09201387062248,34.47259007532368,0,0.8093205326279769,90.0,"Little Rock-North Little Rock, AR",90.0_0,AR,suburban,Gamma Acquisition L.L.C.,21004817,2033-06-14,,,2400.0,2415.0,Global_Optimization
T060430114,15,-75.34707794736791,39.59105607369554,240,-0.5558054724879842,12.0,"Philadelphia-Wilmington-Atl. City, PA-NJ-DE-MD",12.0_0,XX,suburban,Gamma Acquisition L.L.C.,21004817,2033-06-14,,,2400.0,2415.0,Global_Optimization
T070272002,10,-87.49724080638323,38.29256790387653,120,1.4660591342286011,69.0,"Evansville-Henderson, IN-KY-IL",69.0_0,XX,suburban,DBSD Corporation,26092031,2033-06-14,,,2400.0,2410.0,Global_Optimization
L000055854,20,-89.02258588003751,37.10785549738884,120,0.7941489934350079,72.0,"Paducah, KY-IL",72.0_0,XX,suburban,Liberty Mobile Puerto Rico Inc.,3473709,2025-06-14,,,2400.0,2420.0,No_Conflicts
T070272170,10,-103.62524790382108,42.55786577311705,120,-3.222336121487518,142.0,"Scottsbluff, NE-WY",142.0_0,XX,suburban,DBSD Corporation,26092031,2033-06-14,,,2400.0,2410.0,Global_Optimization
T070272161,10,-115.01283966720251,37.361451521816285,120,-0.1539841298113531,153.0,"Las Vegas, NV-AZ-UT",153.0_0,XX,suburban,DBSD Corporation,26092031,2033-06-14,,,2400.0,2410.0,Global_Optimization
T060430108,15,-79.51993744549966,37.90124240029963,0,1.0983180549869456,16.0,"Staunton, VA-WV",16.0_0,XX,suburban,Gamma Acquisition L.L.C.,21004817,2033-06-14,,,2400.0,2415.0,Global_Optimization
T070272064,10,-82.06042651509352,26.954434736044828,120,-1.37055728154008,33.0,"Sarasota-Bradenton, FL",33.0_0,FL,rural,DBSD Corporation,26092031,2033-06-14,,,2400.0,2410.0,Global_Optimization
T070272105,10,-76.67021415648186,42.878978582331406,0,-2.202964615285208,6.0,"Syracuse, NY-PA",6.0_0,XX,suburban,DBSD Corporation,26092031,2033-06-14,,,2400.0,2410.0,Global_Optimization
T060430027,15,-88.40490465832671,43.856483195616505,240,0.3351192529969555,63.0,"Milwaukee-Racine, WI",63.0_0,WI,suburban,Gamma Acquisition L.L.C,21004817,2033-06-14,,,2400.0,2415.0,Global_Optimization
T060430017,15,-96.42230794985824,35.89922706490818,0,1.6939040145936133,124.0,"Tulsa, OK-KS",124.0_0,XX,suburban,Gamma Acquisition L.L.C,21004817,2033-06-14,,,2400.0,2415.0,Global_Optimization
T070272080,10,-88.76002196308596,34.386593755252214,120,-0.2511345649378143,75.0,"Tupelo, MS-AL-TN",75.0_0,XX,suburban,DBSD Corporation,26092031,2033-06-14,,,2400.0,2410.0,Global_Optimization
T060430157,15,-85.92408434593906,41.532232537653606,120,3.2317401559566026,65.0,"Elkhart-Goshen, IN-MI",65.0_0,XX,rural,Gamma Acquisition L.L.C.,21004817,2033-06-14,,,2400.0,2415.0,Global_Optimization
T060430001,15,-89.73276473107954,33.7364833622291,0,1.626212790083203,75.0,"Tupelo, MS-AL-TN",75.0_0,XX,suburban,Gamma Acquisition L.L.C,21004817,2033-06-14,,,2400.0,2415.0,No_Conflicts
T060430002,15,-90.57566401138588,42.811209967907246,120,-4.047384920453737,104.0,"Madison, WI-IL-IA",104.0_0,XX,suburban,Gamma Acquisition L.L.C,21004817,2033-06-14,,,2400.0,2415.0,No_Conflicts
T060430003,15,-76.31446910122438,36.07404418031279,0,1.5212324553043786,,,nan_0,XX,suburban,Gamma Acquisition L.L.C,21004817,2033-06-14,,,2400.0,2415.0,No_Conflicts
T060430022,15,-116.88286785671568,40.52726537936794,0,-2.4747221792458074,151.0,"Reno, NV-CA",151.0_0,XX,suburban,Gamma Acquisition L.L.C,21004817,2033-06-14,,,2400.0,2415.0,No_Conflicts
T060430021,15,-82.73811981548494,34.5923959183826,0,4.4858335485143375,41.0,"Greenville-Spartanburg-Anderson, SC-NC",41.0_0,XX,rural,Gamma Acquisition L.L.C,21004817,2033-06-14,,,2400.0,2415.0,No_Conflicts
T060430020,15,-121.77418049953084,39.088279661514925,0,0.8788437111038689,164.0,"Sacramento-Yolo, CA",164.0_0,CA,suburban,Gamma Acquisition L.L.C,21004817,2033-06-14,,,2400.0,2415.0,No_Conflicts
T060430018,15,-82.71747466833644,36.796455394474336,0,-3.542434317552483,45.0,"Johnson City-Kingsport-Bristol, TN-VA",45.0_0,XX,rural,Gamma Acquisition L.L.C,21004817,2033-06-14,,,2400.0,2415.0,No_Conflicts
T060430016,15,-102.5122311793925,48.85917111051649,240,-0.5122242616859696,111.0,"Minot, ND",111.0_0,ND,rural,Gamma Acquisition L.L.C,21004817,2033-06-14,,,2400.0,2415.0,No_Conflicts
T060430015,15,-84.0681411515286,34.322748442789795,240,-1.6911063701082805,40.0,"Atlanta, GA-AL-NC",40.0_0,XX,suburban,Gamma Acquisition L.L.C,21004817,2033-06-14,,,2400.0,2415.0,No_Conflicts
T060430014,15,-81.2412005255692,37.5651809521212,0,-0.5797562621714247,48.0,"Charleston, WV-KY-OH",48.0_0,XX,rural,Gamma Acquisition L.L.C,21004817,2033-06-14,,,2400.0,2415.0,No_Conflicts
T060430013,15,-73.18360103722974,44.83243644435916,240,3.837096696607526,4.0,"Burlington, VT-NY",4.0_0,XX,suburban,Gamma Acquisition L.L.C,21004817,2033-06-14,,,2400.0,2415.0,No_Conflicts
T060430012,15,-71.0861662049886,44.12604598550177,120,-2.653259617384489,3.0,"Boston-Worcester-Lawrence-Lowell-Brockton, MA-NH-RI-VT",3.0_0,XX,rural,Gamma Acquisition L.L.C,21004817,2033-06-14,,,2400.0,2415.0,No_Conflicts
T060430011,15,-86.3254901851662,30.065120655195223,0,-2.629721428916638,176.0,Gulf of Mexico,176.0_0,XX,suburban,Gamma Acquisition L.L.C,21004817,2033-06-14,,,2400.0,2415.0,No_Conflicts
T060430010,15,-156.6523448426925,20.2616920841045,0,-1.0334022365643802,,,nan_0,XX,suburban,Gamma Acquisition L.L.C,21004817,2033-06-14,,,2400.0,2415.0,No_Conflicts
T060430009,15,-90.76020767831942,30.051036199611826,0,0.987139801001076,83.0,"New Orleans, LA-MS",83.0_0,XX,suburban,Gamma Acquisition L.L.C,21004817,2033-06-14,,,2400.0,2415.0,No_Conflicts
T060430008,15,-89.81404206844059,35.16751793338782,240,0.884126333406055,73.0,"Memphis, TN-AR-MS-KY",73.0_0,XX,rural,Gamma Acquisition L.L.C,21004817,2033-06-14,,,2400.0,2415.0,No_Conflicts
T060430007,15,-95.59049353648555,30.63550159655729,120,-4.909695958704497,131.0,"Houston-Galveston-Brazoria, TX",131.0_0,TX,rural,Gamma Acquisition L.L.C,21004817,2033-06-14,,,2400.0,2415.0,No_Conflicts
T060430006,15,-82.56315516747968,39.78689054140517,240,3.579862539227058,51.0,"Columbus, OH",51.0_0,OH,suburban,Gamma Acquisition L.L.C,21004817,2033-06-14,,,2400.0,2415.0,No_Conflicts
T060430005,15,-122.72099761286132,47.5350066661222,120,-1.0095405386288894,170.0,"Seattle-Tacoma-Bremerton, WA",170.0_0,WA,rural,Gamma Acquisition L.L.C,21004817,2033-06-14,,,2400.0,2415.0,No_Conflicts
T060430004,15,-91.60904316926126,31.769787608303066,240,-1.878519433035529,77.0,"Jackson, MS-AL-LA",77.0_0,XX,rural,Gamma Acquisition L.L.C,21004817,2033-06-14,,,2400.0,2415.0,No_Conflicts
T060430065,15,-103.26902459941796,31.511720155260864,0,-3.438361552078261,135.0,"Odessa-Midland, TX",135.0_0,TX,suburban,Gamma Acquisition L.L.C.,21004817,2033-06-14,,,2400.0,2415.0,No_Conflicts
T060430066,15,-89.06799144455753,27.05065766384861,120,-2.6543870666517133,176.0,Gulf of Mexico,176.0_0,XX,suburban,Gamma Acquisition L.L.C.,21004817,2033-06-14,,,2400.0,2415.0,No_Conflicts
T060430059,15,-111.42359643818476,40.608207582455705,240,-3.564576379606072,152.0,"Salt Lake City-Ogden, UT-ID",152.0_0,XX,rural,Gamma Acquisition L.L.C.,21004817,2033-06-14,,,2400.0,2415.0,No_Conflicts
T060430068,15,-92.09677560266698,47.58508078037117,240,-2.446934752715681,109.0,"Duluth-Superior, MN-WI",109.0_0,XX,suburban,Gamma Acquisition L.L.C.,21004817,2033-06-14,,,2400.0,2415.0,No_Conflicts
T060430137,15,-104.63843196880886,32.22829653186267,240,-0.6913790846196664,136.0,"Hobbs, NM-TX",136.0_0,XX,rural,Gamma Acquisition L.L.C.,21004817,2033-06-14,,,2400.0,2415.0,No_Conflicts
T060430136,15,-74.83301556445231,43.09275914627056,240,3.223934188170581,6.0,"Syracuse, NY-PA",6.0_0,XX,suburban,Gamma Acquisition L.L.C.,21004817,2033-06-14,,,2400.0,2415.0,No_Conflicts
T060430135,15,-101.34183149036704,34.19085807220755,0,0.2123413248533436,137.0,"Lubbock, TX",137.0_0,TX,rural,Gamma Acquisition L.L.C.,21004817,2033-06-14,,,2400.0,2415.0,No_Conflicts
T060430134,15,-78.07152150585208,42.3022750399692,0,2.154909070992744,8.0,"Buffalo-Niagara Falls, NY-PA",8.0_0,XX,suburban,Gamma Acquisition L.L.C.,21004817,2033-06-14,,,2400.0,2415.0,No_Conflicts
T060430133,15,-88.42036261546951,34.66182546876081,240,2.4687571613582278,75.0,"Tupelo, MS-AL-TN",75.0_0,XX,suburban,Gamma Acquisition L.L.C.,21004817,2033-06-14,,,2400.0,2415.0,No_Conflicts
T060430132,15,-92.38977255372704,48.43759008404898,120,0.4941423843045331,,,nan_0,XX,suburban,Gamma Acquisition L.L.C.,21004817,2033-06-14,,,2400.0,2415.0,No_Conflicts
T060430130,15,-79.74145030750087,34.17173491503734,0,-0.2330452495884083,25.0,"Wilmington, NC-SC",25.0_0,XX,suburban,Gamma Acquisition L.L.C.,21004817,2033-06-14,,,2400.0,2415.0,No_Conflicts
T060430138,15,-110.63923584441956,48.59658093668067,0,3.967142898401225,145.0,"Great Falls, MT",145.0_0,MT,suburban,Gamma Acquisition L.L.C.,21004817,2033-06-14,,,2400.0,2415.0,No_Conflicts
T060430129,15,-108.360101671721,45.95298183044442,240,-2.539303412020017,144.0,"Billings, MT-WY",144.0_0,XX,suburban,Gamma Acquisition L.L.C.,21004817,2033-06-14,,,2400.0,2415.0,No_Conflicts
T060430127,15,-93.46609284050174,41.66503557228212,0,-3.5100814402980527,100.0,"Des Moines, IA-IL-MO",100.0_0,XX,rural,Gamma Acquisition L.L.C.,21004817,2033-06-14,,,2400.0,2415.0,No_Conflicts
T060430067,15,-96.52049402142606,39.719791809078735,240,4.633468328203991,123.0,"Topeka, KS",123.0_0,KS,suburban,Gamma Acquisition L.L.C.,21004817,2033-06-14,,,2400.0,2415.0,No_Conflicts
T060430125,15,-80.16894239625941,38.76198082432049,0,3.137662883195864,53.0,"Pittsburgh, PA-WV",53.0_0,XX,suburban,Gamma Acquisition L.L.C.,21004817,2033-06-14,,,2400.0,2415.0,No_Conflicts
T060430124,15,-80.96705628256922,35.24859755154162,240,4.1423651595147,23.0,"Charlotte-Gastonia-Rock Hill, NC-SC",23.0_0,XX,rural,Gamma Acquisition L.L.C.,21004817,2033-06-14,,,2400.0,2415.0,No_Conflicts
T060430123,15,-83.43254427013385,30.79611837826832,240,3.4716736137257413,37.0,"Albany, GA",37.0_0,GA,rural,Gamma Acquisition L.L.C.,21004817,2033-06-14,,,2400.0,2415.0,No_Conflicts
T060430122,15,-89.80779049191531,37.870481744839225,240,4.514785596659912,96.0,"St. Louis, MO-IL",96.0_0,XX,suburban,Gamma Acquisition L.L.C.,21004817,2033-06-14,,,2400.0,2415.0,No_Conflicts
T060430121,15,-94.91951120527018,38.65218943710607,120,0.4236366497973831,99.0,"Kansas City, MO-KS",99.0_0,XX,rural,Gamma Acquisition L.L.C.,21004817,2033-06-14,,,2400.0,2415.0,No_Conflicts
T060430128,15,-100.7656665433809,31.12912793653103,0,0.2662379726895958,129.0,"San Angelo, TX",129.0_0,TX,suburban,Gamma Acquisition L.L.C.,21004817,2033-06-14,,,2400.0,2415.0,No_Conflicts
T060430139,15,-112.12906976016502,31.79744587270852,120,-4.287197299448361,159.0,"Tucson, AZ",159.0_0,AZ,rural,Gamma Acquisition L.L.C.,21004817,2033-06-14,,,2400.0,2415.0,No_Conflicts
T060430140,15,-121.21119721911376,44.489201069857614,120,4.546600300333076,167.0,"Portland-Salem, OR-WA",167.0_0,XX,rural,Gamma Acquisition L.L.C.,21004817,2033-06-14,,,2400.0,2415.0,No_Conflicts
T060430141,15,-86.17743910068153,32.395274875011566,240,1.546930814313482,79.0,"Montgomery, AL",79.0_0,AL,rural,Gamma Acquisition L.L.C.,21004817,2033-06-14,,,2400.0,2415.0,No_Conflicts
T060430160,15,-117.9608167448506,32.5833048828835,240,3.594157932805892,,,nan_0,XX,suburban,Gamma Acquisition L.L.C.,21004817,2033-06-14,,,2400.0,2415.0,No_Conflicts
T060430159,15,-92.7469411666298,31.37134953716921,240,-3.76777345827834,86.0,"Lake Charles, LA",86.0_0,LA,suburban,Gamma Acquisition L.L.C.,21004817,2033-06-14,,,2400.0,2415.0,No_Conflicts
T060430158,15,-77.85573675211346,40.87121943875498,120,0.2248104051611834,9.0,"State College, PA",9.0_0,PA,suburban,Gamma Acquisition L.L.C.,21004817,2033-06-14,,,2400.0,2415.0,No_Conflicts
T060430156,15,-74.078994159541,42.91214404465493,240,4.767252386625788,5.0,"Albany-Schenectady-Troy, NY",5.0_0,NY,suburban,Gamma Acquisition L.L.C.,21004817,2033-06-14,,,2400.0,2415.0,No_Conflicts
T060430155,15,-83.50326150374275,37.95797566740063,240,-1.000947931958438,47.0,"Lexington, KY-TN-VA-WV",47.0_0,XX,suburban,Gamma Acquisition L.L.C.,21004817,2033-06-14,,,2400.0,2415.0,No_Conflicts
T060430154,15,-105.9143908409942,32.8089625254906,0,2.176357859086295,157.0,"El Paso, TX-NM",157.0_0,XX,rural,Gamma Acquisition L.L.C.,21004817,2033-06-14,,,2400.0,2415.0,No_Conflicts
T060430153,15,-82.41914541747717,32.40671341982844,0,-4.103736608450578,38.0,"Macon, GA",38.0_0,GA,rural,Gamma Acquisition L.L.C.,21004817,2033-06-14,,,2400.0,2415.0,No_Conflicts
T060430151,15,-96.54155827792842,42.3039612863794,0,0.3226021333904016,117.0,"Sioux City, IA-NE-SD",117.0_0,XX,suburban,Gamma Acquisition L.L.C.,21004817,2033-06-14,,,2400.0,2415.0,No_Conflicts
T060430150,15,-75.9253547752514,39.784981666811184,120,4.296058774219892,12.0,"Philadelphia-Wilmington-Atl. City, PA-NJ-DE-MD",12.0_0,XX,suburban,Gamma Acquisition L.L.C.,21004817,2033-06-14,,,2400.0,2415.0,No_Conflicts
T060430149,15,-95.68469034414495,41.09649000093673,240,1.700960346109417,118.0,"Omaha, NE-IA-MO",118.0_0,XX,suburban,Gamma Acquisition L.L.C.,21004817,2033-06-14,,,2400.0,2415.0,No_Conflicts
T060430148,15,-106.47782670636582,42.222435285612605,240,0.2308472458178467,143.0,"Casper, WY-ID-UT",143.0_0,XX,rural,Gamma Acquisition L.L.C.,21004817,2033-06-14,,,2400.0,2415.0,No_Conflicts
T060430147,15,-113.89608847005957,46.70171329010122,120,1.1735175741297423,146.0,"Missoula, MT",146.0_0,MT,rural,Gamma Acquisition L.L.C.,21004817,2033-06-14,,,2400.0,2415.0,No_Conflicts
T060430146,15,-121.12865813345256,39.118995007281896,0,-3.3366839225685787,164.0,"Sacramento-Yolo, CA",164.0_0,CA,suburban,Gamma Acquisition L.L.C.,21004817,2033-06-14,,,2400.0,2415.0,No_Conflicts
T060430145,15,-96.08687102457858,43.095409762280646,0,-3.0544167681469903,117.0,"Sioux City, IA-NE-SD",117.0_0,XX,suburban,Gamma Acquisition L.L.C.,21004817,2033-06-14,,,2400.0,2415.0,No_Conflicts
T060430144,15,-97.69578031576076,46.47654550250218,240,-0.2081677055640005,113.0,"Fargo-Moorhead, ND-MN",113.0_0,XX,suburban,Gamma Acquisition L.L.C.,21004817,2033-06-14,,,2400.0,2415.0,No_Conflicts
T060430143,15,-69.43223794555313,46.06737610467621,0,-3.0284587342712266,1.0,"Bangor, ME",1.0_0,ME,suburban,Gamma Acquisition L.L.C.,21004817,2033-06-14,,,2400.0,2415.0,No_Conflicts
T060430142,15,-99.2264446176595,35.23785076575881,120,-1.199254910627947,126.0,"Western Oklahoma, OK",126.0_0,OK,rural,Gamma Acquisition L.L.C.,21004817,2033-06-14,,,2400.0,2415.0,No_Conflicts
T060430120,15,-89.5922045009132,40.983112984167576,120,0.0044530913074147,101.0,"Peoria-Pekin, IL",101.0_0,IL,rural,Gamma Acquisition L.L.C.,21004817,2033-06-14,,,2400.0,2415.0,No_Conflicts
T060430119,15,-77.02028618196975,35.55198664244635,240,2.5934432792286604,21.0,"Greenville, NC",21.0_0,NC,rural,Gamma Acquisition L.L.C.,21004817,2033-06-14,,,2400.0,2415.0,No_Conflicts
T060430126,15,-93.1711010509785,30.60594181971923,120,-3.9108165815326856,86.0,"Lake Charles, LA",86.0_0,LA,suburban,Gamma Acquisition L.L.C.,21004817,2033-06-14,,,2400.0,2415.0,No_Conflicts
T060430115,15,-87.31452059626254,31.46059779120016,0,-4.853329429537362,80.0,"Mobile, AL",80.0_0,AL,rural,Gamma Acquisition L.L.C.,21004817,2033-06-14,,,2400.0,2415.0,No_Conflicts
T060430089,15,-84.70388623691697,38.8628224465379,240,3.664386675276454,49.0,"Cincinnati-Hamilton, OH-KY-IN",49.0_0,XX,suburban,Gamma Acquisition L.L.C.,21004817,2033-06-14,,,2400.0,2415.0,No_Conflicts
T060430088,15,-97.4950761394156,35.374567502113194,0,-1.8188844638188053,125.0,"Oklahoma City, OK",125.0_0,OK,rural,Gamma Acquisition L.L.C.,21004817,2033-06-14,,,2400.0,2415.0,No_Conflicts
T060430087,15,-93.33298089129612,30.5275758443073,240,1.0495392269054085,86.0,"Lake Charles, LA",86.0_0,LA,suburban,Gamma Acquisition L.L.C.,21004817,2033-06-14,,,2400.0,2415.0,No_Conflicts
T060430117,15,-102.61056954037848,30.612801248405464,240,-3.315556148572804,135.0,"Odessa-Midland, TX",135.0_0,TX,suburban,Gamma Acquisition L.L.C.,21004817,2033-06-14,,,2400.0,2415.0,No_Conflicts
T060430086,15,-95.08740837890518,37.19369495545872,120,-3.4071255475719484,124.0,"Tulsa, OK-KS",124.0_0,XX,suburban,Gamma Acquisition L.L.C.,21004817,2033-06-14,,,2400.0,2415.0,No_Conflicts
T060430083,15,-102.07039911919424,30.962909232406105,240,1.6697151699090726,135.0,"Odessa-Midland, TX",135.0_0,TX,suburban,Gamma Acquisition L.L.C.,21004817,2033-06-14,,,2400.0,2415.0,No_Conflicts
T060430081,15,-122.33795799521408,47.87383319982569,120,4.408753563380648,,,nan_0,XX,suburban,Gamma Acquisition L.L.C.,21004817,2033-06-14,,,2400.0,2415.0,No_Conflicts
T060430079,15,-96.33389483332766,32.88261001791801,120,4.186777969935044,127.0,"Dallas-Fort Worth, TX-AR-OK",127.0_0,XX,rural,Gamma Acquisition L.L.C.,21004817,2033-06-14,,,2400.0,2415.0,No_Conflicts
T060430077,15,-86.83534212622621,39.84409100704513,0,-3.86890180923427,67.0,"Indianapolis, IN-IL",67.0_0,XX,suburban,Gamma Acquisition L.L.C.,21004817,2033-06-14,,,2400.0,2415.0,No_Conflicts
T060430076,15,-78.47295904332691,33.86937057587566,120,2.685193645237912,,,nan_0,XX,suburban,Gamma Acquisition L.L.C.,21004817,2033-06-14,,,2400.0,2415.0,No_Conflicts
T060430075,15,-117.19770775379848,32.77746913339803,0,3.646088359550367,161.0,"San Diego, CA",161.0_0,CA,suburban,Gamma Acquisition L.L.C.,21004817,2033-06-14,,,2400.0,2415.0,No_Conflicts
T060430074,15,-90.90744203287436,35.26818356839823,240,3.308771913417054,73.0,"Memphis, TN-AR-MS-KY",73.0_0,XX,rural,Gamma Acquisition L.L.C.,21004817,2033-06-14,,,2400.0,2415.0,No_Conflicts
T060430073,15,-75.64285138783848,43.555456633815936,120,-2.5585270957762574,6.0,"Syracuse, NY-PA",6.0_0,XX,suburban,Gamma Acquisition L.L.C.,21004817,2033-06-14,,,2400.0,2415.0,No_Conflicts
T060430072,15,-85.14895163118513,38.90866384003176,120,-4.824840091379378,49.0,"Cincinnati-Hamilton, OH-KY-IN",49.0_0,XX,suburban,Gamma Acquisition L.L.C.,21004817,2033-06-14,,,2400.0,2415.0,No_Conflicts
T060430071,15,-84.19186483836671,44.40464267822123,0,-1.2570323286020733,57.0,"Detroit-Ann Arbor-Flint, MI",57.0_0,MI,rural,Gamma Acquisition L.L.C.,21004817,2033-06-14,,,2400.0,2415.0,No_Conflicts
T060430070,15,-81.03773186788314,32.422645166158205,0,4.786312874005304,28.0,"Savannah, GA-SC",28.0_0,XX,suburban,Gamma Acquisition L.L.C.,21004817,2033-06-14,,,2400.0,2415.0,No_Conflicts
T060430069,15,-81.96866281368764,34.07702479559203,120,1.6163235037114676,41.0,"Greenville-Spartanburg-Anderson, SC-NC",41.0_0,XX,rural,Gamma Acquisition L.L.C.,21004817,2033-06-14,,,2400.0,2415.0,No_Conflicts
T060430090,15,-78.92633234167114,42.59900005851036,240,4.9333693735862845,8.0,"Buffalo-Niagara Falls, NY-PA",8.0_0,XX,suburban,Gamma Acquisition L.L.C.,21004817,2033-06-14,,,2400.0,2415.0,No_Conflicts
T060430091,15,-73.43698928507672,42.97763665640242,0,2.524277626155725,5.0,"Albany-Schenectady-Troy, NY",5.0_0,NY,suburban,Gamma Acquisition L.L.C.,21004817,2033-06-14,,,2400.0,2415.0,No_Conflicts
T070272176,10,-89.20410303607419,27.539419721846805,240,-2.7919737021436086,176.0,Gulf of Mexico,176.0_0,XX,suburban,DBSD Corporation,26092031,2033-06-14,,,2400.0,2410.0,No_Conflicts
T060430093,15,-119.5847530130526,45.30341611290775,0,-2.1131440446936187,168.0,"Pendleton, OR-WA",168.0_0,XX,rural,Gamma Acquisition L.L.C.,21004817,2033-06-14,,,2400.0,2415.0,No_Conflicts
T060430113,15,-87.09836817670697,34.1959020994195,240,0.4568688849547344,78.0,"Birmingham, AL",78.0_0,AL,suburban,Gamma Acquisition L.L.C.,21004817,2033-06-14,,,2400.0,2415.0,No_Conflicts
T060430111,15,-116.49407557997868,33.26748037858028,0,0.4849972165147678,161.0,"San Diego, CA",161.0_0,CA,suburban,Gamma Acquisition L.L.C.,21004817,2033-06-14,,,2400.0,2415.0,No_Conflicts
T060430110,15,-103.52168735265757,37.05087518487926,0,-1.195802957672023,140.0,"Pueblo, CO-NM",140.0_0,XX,suburban,Gamma Acquisition L.L.C.,21004817,2033-06-14,,,2400.0,2415.0,No_Conflicts
T060430109,15,-99.50829223892978,33.07687570524285,240,0.6343892734845884,128.0,"Abilene, TX",128.0_0,TX,rural,Gamma Acquisition L.L.C.,21004817,2033-06-14,,,2400.0,2415.0,No_Conflicts
T060430107,15,-67.91335573656457,45.89352760265281,0,1.3020874832914415,1.0,"Bangor, ME",1.0_0,ME,suburban,Gamma Acquisition L.L.C.,21004817,2033-06-14,,,2400.0,2415.0,No_Conflicts
T060430106,15,-102.28285650974932,36.4970251963756,120,-1.7161877211491894,138.0,"Amarillo, TX-NM",138.0_0,XX,suburban,Gamma Acquisition L.L.C.,21004817,2033-06-14,,,2400.0,2415.0,No_Conflicts
T060430104,15,-89.14964565150902,39.96285716247053,120,-2.031307254397192,97.0,"Springfield, IL-MO",97.0_0,XX,rural,Gamma Acquisition L.L.C.,21004817,2033-06-14,,,2400.0,2415.0,No_Conflicts
T060430092,15,-97.3380320946154,43.6562262332717,240,-4.095183047129493,116.0,"Sioux Falls, SD-IA-MN-NE",116.0_0,XX,suburban,Gamma Acquisition L.L.C.,21004817,2033-06-14,,,2400.0,2415.0,No_Conflicts
T060430102,15,-107.47380019210316,45.71007275805884,240,3.68900625540571,144.0,"Billings, MT-WY",144.0_0,XX,suburban,Gamma Acquisition L.L.C.,21004817,2033-06-14,,,2400.0,2415.0,No_Conflicts
T060430101,15,-92.6543649085618,31.142409458015752,120,-1.8280428323460145,86.0,"Lake Charles, LA",86.0_0,LA,suburban,Gamma Acquisition L.L.C.,21004817,2033-06-14,,,2400.0,2415.0,No_Conflicts
T060430103,15,-85.6248313583801,31.559466460469537,120,-1.2432774811827354,36.0,"Dothan, AL-FL-GA",36.0_0,XX,suburban,Gamma Acquisition L.L.C.,21004817,2033-06-14,,,2400.0,2415.0,No_Conflicts
T060430100,15,-91.16751894270048,33.6371291675464,240,3.778911590413274,90.0,"Little Rock-North Little Rock, AR",90.0_0,AR,suburban,Gamma Acquisition L.L.C.,21004817,2033-06-14,,,2400.0,2415.0,No_Conflicts
T060430094,15,-110.96107927260203,46.92122547876789,240,-3.908903682342503,145.0,"Great Falls, MT",145.0_0,MT,suburban,Gamma Acquisition L.L.C.,21004817,2033-06-14,,,2400.0,2415.0,No_Conflicts
T060430099,15,-88.15755711961425,39.012866139209656,240,4.013756495884444,68.0,"Champaign-Urbana, IL",68.0_0,IL,suburban,Gamma Acquisition L.L.C.,21004817,2033-06-14,,,2400.0,2415.0,No_Conflicts
T060430095,15,-84.9956555913377,46.36179645479027,0,1.5051164779171575,58.0,"Northern Michigan, MI",58.0_0,MI,rural,Gamma Acquisition L.L.C.,21004817,2033-06-14,,,2400.0,2415.0,No_Conflicts
T060430098,15,-95.9861664824669,43.726060912106696,240,-0.6182765358801232,107.0,"Minneapolis-St. Paul, MN-WI-IA",107.0_0,XX,rural,Gamma Acquisition L.L.C.,21004817,2033-06-14,,,2400.0,2415.0,No_Conflicts
T060430097,15,-89.19861206235979,38.17406892653665,240,4.256748308807119,96.0,"St. Louis, MO-IL",96.0_0,XX,suburban,Gamma Acquisition L.L.C.,21004817,2033-06-14,,,2400.0,2415.0,No_Conflicts
T060430096,15,-84.66748275742118,45.94699987797412,120,2.651908645557847,,,nan_0,XX,suburban,Gamma Acquisition L.L.C.,21004817,2033-06-14,,,2400.0,2415.0,No_Conflicts
T060430118,15,-88.54627633023598,34.27354214172868,120,1.4257596894718958,75.0,"Tupelo, MS-AL-TN",75.0_0,XX,suburban,Gamma Acquisition L.L.C.,21004817,2033-06-14,,,2410.0,2425.0,Global_Optimization
T070272089,10,-96.61587195487829,39.684858717057466,120,-4.0707085562061005,123.0,"Topeka, KS",123.0_0,KS,suburban,DBSD Corporation,26092031,2033-06-14,,,2410.0,2420.0,Global_Optimization
T070272050,10,-88.20068737490463,37.2965799683704,240,1.1715578339564685,69.0,"Evansville-Henderson, IN-KY-IL",69.0_0,XX,suburban,DBSD Corporation,26092031,2033-06-14,,,2410.0,2420.0,Global_Optimization
T060430054,15,-76.82986040207588,42.75724288373392,0,0.2173004663621309,7.0,"Rochester, NY-PA",7.0_0,XX,rural,Gamma Acquisition L.L.C.,21004817,2033-06-14,,,2410.0,2425.0,Global_Optimization
T060430078,15,-82.06656528353466,26.950878547331065,120,2.9551037169640315,,,nan_0,XX,suburban,Gamma Acquisition L.L.C.,21004817,2033-06-14,,,2410.0,2425.0,Global_Optimization
T060430082,15,-115.33076545102271,37.43196531486265,120,3.268388837118774,153.0,"Las Vegas, NV-AZ-UT",153.0_0,XX,suburban,Gamma Acquisition L.L.C.,21004817,2033-06-14,,,2410.0,2425.0,Global_Optimization
T060430085,15,-103.71635348380572,42.37451099117887,120,-1.514263327580295,142.0,"Scottsbluff, NE-WY",142.0_0,XX,suburban,Gamma Acquisition L.L.C.,21004817,2033-06-14,,,2410.0,2425.0,Global_Optimization
T060430105,15,-87.65633896033,38.35331274064899,120,1.4907465879439306,69.0,"Evansville-Henderson, IN-KY-IL",69.0_0,XX,suburban,Gamma Acquisition L.L.C.,21004817,2033-06-14,,,2410.0,2425.0,Global_Optimization
T060430131,15,-79.60369348088578,40.39579096247677,240,-1.056346761816498,53.0,"Pittsburgh, PA-WV",53.0_0,XX,suburban,Gamma Acquisition L.L.C.,21004817,2033-06-14,,,2410.0,2425.0,Global_Optimization
T060430080,15,-79.7810688065243,38.02445043321966,0,1.0060954254623606,16.0,"Staunton, VA-WV",16.0_0,XX,suburban,Gamma Acquisition L.L.C.,21004817,2033-06-14,,,2415.0,2430.0,Global_Optimization
T060430084,15,-86.17704677886003,41.19553392762094,120,0.7718523671174813,65.0,"Elkhart-Goshen, IN-MI",65.0_0,XX,rural,Gamma Acquisition L.L.C.,21004817,2033-06-14,,,2415.0,2430.0,Global_Optimization
T060430019,15,-88.08393462913936,43.819770542204,240,-0.505661647862623,63.0,"Milwaukee-Racine, WI",63.0_0,WI,suburban,Gamma Acquisition L.L.C,21004817,2033-06-14,,,2415.0,2430.0,Global_Optimization
T070272169,10,-96.39130481506903,35.77303296886085,0,-2.3461259081180543,124.0,"Tulsa, OK-KS",124.0_0,XX,suburban,DBSD Corporation,26092031,2033-06-14,,,2415.0,2425.0,Global_Optimization
T060430116,15,-93.03490401874166,34.33947459621453,0,0.8706170770115094,90.0,"Little Rock-North Little Rock, AR",90.0_0,AR,suburban,Gamma Acquisition L.L.C.,21004817,2033-06-14,,,2415.0,2430.0,Global_Optimization
T060430112,15,-75.2679103111837,39.84815688932408,240,0.964854749854216,12.0,"Philadelphia-Wilmington-Atl. City, PA-NJ-DE-MD",12.0_0,XX,suburban,Gamma Acquisition L.L.C.,21004817,2033-06-14,,,2415.0,2430.0,Global_Optimization
